{"nm":"Sound","ddd":0,"h":1080,"w":1080,"meta":{"g":"LottieFiles AE 0.1.20"},"layers":[{"ty":4,"nm":"Layer 60 Outlines 6","sr":1,"st":48,"op":109,"ip":48,"hd":false,"ddd":0,"bm":0,"hasMask":false,"ao":0,"ks":{"a":{"a":0,"k":[39.887,47.976,0],"ix":1},"s":{"a":1,"k":[{"o":{"x":0.167,"y":0.167},"i":{"x":0.833,"y":0.833},"s":[0,0,100],"t":48},{"o":{"x":0.167,"y":0.167},"i":{"x":0.833,"y":0.833},"s":[200,200,100],"t":78},{"s":[0,0,100],"t":108}],"ix":6},"sk":{"a":0,"k":0},"p":{"a":1,"k":[{"o":{"x":0.56,"y":0},"i":{"x":0.833,"y":0.833},"s":[17.376,1057.454,0],"t":48,"ti":[-295.376,92.546,0],"to":[596.624,-191.454,0]},{"s":[1056.376,28.454,0],"t":108}],"ix":2},"r":{"a":1,"k":[{"o":{"x":0.167,"y":0.167},"i":{"x":0.833,"y":0.997},"s":[20.486],"t":48},{"o":{"x":0.167,"y":-0.004},"i":{"x":0.833,"y":0.905},"s":[-6.037],"t":62},{"o":{"x":0.167,"y":-0.324},"i":{"x":0.833,"y":1.039},"s":[19.401],"t":76},{"o":{"x":0.167,"y":0.041},"i":{"x":0.833,"y":1.107},"s":[15.675],"t":83},{"o":{"x":0.167,"y":0.05},"i":{"x":0.833,"y":0.833},"s":[21.787],"t":95},{"s":[7.527],"t":108}],"ix":10},"sa":{"a":0,"k":0},"o":{"a":0,"k":100,"ix":11}},"ef":[],"shapes":[{"ty":"gr","bm":0,"hd":false,"mn":"ADBE Vector Group","nm":"Group 1","ix":1,"cix":2,"np":2,"it":[{"ty":"sh","bm":0,"hd":false,"mn":"ADBE Vector Shape - Group","nm":"Path 1","ix":1,"d":1,"ks":{"a":0,"k":{"c":true,"i":[[0,0],[0,0],[0,0],[0,-0.391],[0,0],[0,0],[0,0],[5.166,-2.687],[-2.456,-4.723],[-7.176,3.731],[0.028,4.393],[0,0],[-0.338,0.068],[0,0],[0,-0.458],[0,0],[5.166,-2.686],[-2.455,-4.723],[-7.176,3.732],[0.383,4.41],[0,0],[0,0],[0.508,-0.098]],"o":[[0,0],[0,0],[-0.384,0.078],[0,0],[0,0],[0,0],[-3.588,-1.785],[-7.177,3.732],[2.455,4.722],[5.99,-3.115],[0,0],[0,-0.345],[0,0],[0.449,-0.091],[0,0],[-3.588,-1.785],[-7.177,3.732],[2.456,4.723],[5.99,-3.115],[0,0],[0,0],[0,-0.517],[0,0]],"v":[[35.351,-47.063],[35.351,-47.012],[-13.736,-37.012],[-14.396,-36.204],[-14.396,-29.748],[-14.396,-23.197],[-14.396,25.665],[-28.634,26.892],[-37.181,42.199],[-19.741,43.994],[-9.847,31.184],[-9.847,-23.527],[-9.266,-24.238],[34.482,-33.116],[35.351,-32.405],[35.351,13.228],[21.113,14.454],[12.565,29.762],[30.006,31.558],[39.254,18.746],[39.289,18.746],[39.289,-46.819],[38.31,-47.627]]},"ix":2}},{"ty":"fl","bm":0,"hd":false,"mn":"ADBE Vector Graphic - Fill","nm":"Fill 1","c":{"a":0,"k":[0.1686,0.1961,0.698],"ix":4},"r":1,"o":{"a":0,"k":100,"ix":5}},{"ty":"tr","a":{"a":0,"k":[0,0],"ix":1},"s":{"a":0,"k":[100,100],"ix":3},"sk":{"a":0,"k":0,"ix":4},"p":{"a":0,"k":[39.887,47.976],"ix":2},"r":{"a":0,"k":0,"ix":6},"sa":{"a":0,"k":0,"ix":5},"o":{"a":0,"k":100,"ix":7}}]}],"ind":1},{"ty":4,"nm":"Layer 59 Outlines 6","sr":1,"st":48,"op":109,"ip":48,"hd":false,"ddd":0,"bm":0,"hasMask":false,"ao":0,"ks":{"a":{"a":0,"k":[39.887,42.751,0],"ix":1},"s":{"a":1,"k":[{"o":{"x":0.167,"y":0.167},"i":{"x":0.833,"y":0.833},"s":[0,0,100],"t":48},{"o":{"x":0.167,"y":0.167},"i":{"x":0.833,"y":0.833},"s":[200,200,100],"t":78},{"s":[0,0,100],"t":108}],"ix":6},"sk":{"a":0,"k":0},"p":{"a":1,"k":[{"o":{"x":0.56,"y":0},"i":{"x":0.833,"y":0.833},"s":[17.376,1057.454,0],"t":48,"ti":[-822.376,87.546,0],"to":[74.624,-363.454,0]},{"s":[1056.376,28.454,0],"t":108}],"ix":2},"r":{"a":1,"k":[{"o":{"x":0.167,"y":0.167},"i":{"x":0.833,"y":1.021},"s":[16.348],"t":48},{"o":{"x":0.167,"y":0.023},"i":{"x":0.833,"y":0.913},"s":[0.821],"t":55},{"o":{"x":0.167,"y":-0.311},"i":{"x":0.833,"y":0.931},"s":[21.009],"t":65},{"o":{"x":0.167,"y":-0.232},"i":{"x":0.833,"y":1.204},"s":[17.63],"t":71},{"o":{"x":0.167,"y":0.083},"i":{"x":0.833,"y":1.1},"s":[18.462],"t":76},{"o":{"x":0.167,"y":0.081},"i":{"x":0.833,"y":0.833},"s":[14.785],"t":85},{"s":[26.283],"t":108}],"ix":10},"sa":{"a":0,"k":0},"o":{"a":0,"k":100,"ix":11}},"ef":[],"shapes":[{"ty":"gr","bm":0,"hd":false,"mn":"ADBE Vector Group","nm":"Group 1","ix":1,"cix":2,"np":2,"it":[{"ty":"sh","bm":0,"hd":false,"mn":"ADBE Vector Shape - Group","nm":"Path 1","ix":1,"d":1,"ks":{"a":0,"k":{"c":true,"i":[[0,0],[0,0],[0,0],[0,0],[0,0],[5.167,-2.687],[-2.456,-4.724],[-7.176,3.731],[0.028,4.394],[0,0],[0,0],[0,0],[5.166,-2.686],[-2.455,-4.722],[-7.176,3.732],[0.383,4.41],[0,0]],"o":[[0,0],[0,0],[0,0],[0,0],[-3.588,-1.784],[-7.177,3.731],[2.455,4.722],[5.99,-3.115],[0,0],[0,0],[0,0],[-3.588,-1.785],[-7.177,3.732],[2.456,4.723],[5.99,-3.115],[0,0],[0,0]],"v":[[39.289,-42.501],[-14.396,-42.501],[-14.396,-34.216],[-14.396,-32.546],[-14.396,20.439],[-28.634,21.667],[-37.181,36.975],[-19.741,38.77],[-9.847,25.957],[-9.847,-30.934],[35.351,-30.934],[35.351,20.311],[21.113,21.537],[12.565,36.845],[30.006,38.639],[39.254,25.829],[39.289,25.829]]},"ix":2}},{"ty":"fl","bm":0,"hd":false,"mn":"ADBE Vector Graphic - Fill","nm":"Fill 1","c":{"a":0,"k":[0.1686,0.1961,0.698],"ix":4},"r":1,"o":{"a":0,"k":100,"ix":5}},{"ty":"tr","a":{"a":0,"k":[0,0],"ix":1},"s":{"a":0,"k":[100,100],"ix":3},"sk":{"a":0,"k":0,"ix":4},"p":{"a":0,"k":[39.887,42.751],"ix":2},"r":{"a":0,"k":0,"ix":6},"sa":{"a":0,"k":0,"ix":5},"o":{"a":0,"k":100,"ix":7}}]}],"ind":2},{"ty":4,"nm":"Layer 56 Outlines 6","sr":1,"st":45,"op":106,"ip":45,"hd":false,"ddd":0,"bm":0,"hasMask":false,"ao":0,"ks":{"a":{"a":0,"k":[32.039,42.959,0],"ix":1},"s":{"a":1,"k":[{"o":{"x":0.167,"y":0.167},"i":{"x":0.833,"y":0.833},"s":[0,0,100],"t":45},{"o":{"x":0.167,"y":0.167},"i":{"x":0.833,"y":0.833},"s":[200,200,100],"t":75},{"s":[0,0,100],"t":105}],"ix":6},"sk":{"a":0,"k":0},"p":{"a":1,"k":[{"o":{"x":0.56,"y":0},"i":{"x":0.833,"y":0.833},"s":[17.376,1057.454,0],"t":45,"ti":[-96.376,753.546,0],"to":[440.624,24.546,0]},{"s":[1056.376,28.454,0],"t":105}],"ix":2},"r":{"a":1,"k":[{"o":{"x":0.167,"y":0.167},"i":{"x":0.833,"y":0.941},"s":[4.574],"t":45},{"o":{"x":0.167,"y":-0.082},"i":{"x":0.833,"y":0.901},"s":[26.531],"t":55},{"o":{"x":0.167,"y":0.216},"i":{"x":0.833,"y":1.015},"s":[17.017],"t":61},{"o":{"x":0.167,"y":0.017},"i":{"x":0.833,"y":0.833},"s":[3.899],"t":79},{"s":[19.829],"t":105}],"ix":10},"sa":{"a":0,"k":0},"o":{"a":0,"k":100,"ix":11}},"ef":[],"shapes":[{"ty":"gr","bm":0,"hd":false,"mn":"ADBE Vector Group","nm":"Group 1","ix":1,"cix":2,"np":2,"it":[{"ty":"sh","bm":0,"hd":false,"mn":"ADBE Vector Shape - Group","nm":"Path 1","ix":1,"d":1,"ks":{"a":0,"k":{"c":true,"i":[[0,0],[1.013,2.929],[0.186,1.272],[0.036,0.574],[0.164,0.448],[0.838,-0.244],[-0.038,-0.545],[0.003,-0.839],[0.006,-1.689],[0.008,-2.21],[0.008,-2.546],[0.01,-2.698],[0.01,-2.667],[0.008,-2.45],[0.007,-2.051],[0.005,-1.467],[0.002,-0.7],[-0.006,-0.003],[5.166,-2.686],[-2.455,-4.723],[-7.176,3.732],[0.027,4.393],[0,0],[0,0],[0,0],[0,0],[0,0]],"o":[[-2.845,-1.391],[-0.421,-1.215],[-0.082,-0.569],[-0.03,-0.471],[-0.312,-0.852],[-0.651,0.189],[0.057,0.835],[-0.006,1.689],[-0.007,2.21],[-0.009,2.546],[-0.009,2.698],[-0.009,2.667],[-0.008,2.45],[-0.006,2.051],[-0.005,1.467],[-0.002,0.699],[0,0.007],[-3.587,-1.784],[-7.177,3.732],[2.456,4.723],[5.99,-3.114],[0,0],[8.76,-0.267],[8.174,14.397],[-0.878,2.72],[4.688,-2.826],[12.539,-20.952]],"v":[[4.054,-24.137],[-1.653,-31.14],[-2.55,-34.887],[-2.704,-39.882],[-2.856,-41.361],[-5.802,-42.464],[-6.419,-40.893],[-6.359,-35.115],[-6.377,-30.049],[-6.399,-23.419],[-6.425,-15.781],[-6.453,-7.687],[-6.48,0.315],[-6.505,7.667],[-6.526,13.82],[-6.541,18.221],[-6.548,20.32],[-6.549,20.419],[-20.786,21.644],[-29.334,36.953],[-13.495,38.977],[-3.6,26.165],[-3.6,-16.906],[13.281,-6.573],[8.197,22.169],[9.115,24.315],[19.25,12.571]]},"ix":2}},{"ty":"fl","bm":0,"hd":false,"mn":"ADBE Vector Graphic - Fill","nm":"Fill 1","c":{"a":0,"k":[0.1686,0.1961,0.698],"ix":4},"r":1,"o":{"a":0,"k":100,"ix":5}},{"ty":"tr","a":{"a":0,"k":[0,0],"ix":1},"s":{"a":0,"k":[100,100],"ix":3},"sk":{"a":0,"k":0,"ix":4},"p":{"a":0,"k":[32.039,42.959],"ix":2},"r":{"a":0,"k":0,"ix":6},"sa":{"a":0,"k":0,"ix":5},"o":{"a":0,"k":100,"ix":7}}]}],"ind":3},{"ty":4,"nm":"Layer 40 Outlines 6","sr":1,"st":42,"op":103,"ip":42,"hd":false,"ddd":0,"bm":0,"hasMask":false,"ao":1,"ks":{"a":{"a":0,"k":[31.309,39.761,0],"ix":1},"s":{"a":1,"k":[{"o":{"x":0.167,"y":0.167},"i":{"x":0.833,"y":0.833},"s":[0,0,100],"t":42},{"o":{"x":0.167,"y":0.167},"i":{"x":0.833,"y":0.833},"s":[200,200,100],"t":72},{"s":[0,0,100],"t":102}],"ix":6},"sk":{"a":0,"k":0},"p":{"a":1,"k":[{"o":{"x":0.56,"y":0},"i":{"x":0.833,"y":0.833},"s":[17.376,1057.454,0],"t":42,"ti":[-30.376,571.546,0],"to":[248.624,-541.454,0]},{"s":[1056.376,28.454,0],"t":102}],"ix":2},"r":{"a":1,"k":[{"o":{"x":0.167,"y":0.167},"i":{"x":0.833,"y":0.876},"s":[25.505],"t":42},{"o":{"x":0.167,"y":-0.151},"i":{"x":0.833,"y":0.86},"s":[-4.985],"t":73},{"o":{"x":0.167,"y":0.173},"i":{"x":0.833,"y":0.833},"s":[-0.938],"t":78},{"s":[14.768],"t":102}],"ix":10},"sa":{"a":0,"k":0},"o":{"a":0,"k":100,"ix":11}},"ef":[],"shapes":[{"ty":"gr","bm":0,"hd":false,"mn":"ADBE Vector Group","nm":"Group 1","ix":1,"cix":2,"np":2,"it":[{"ty":"sh","bm":0,"hd":false,"mn":"ADBE Vector Shape - Group","nm":"Path 1","ix":1,"d":1,"ks":{"a":0,"k":{"c":true,"i":[[0.298,2.953],[1.852,2.08],[4.466,-0.48],[5.662,6.479],[0.722,-0.21],[0,-0.57],[-0.002,-0.167],[0,-0.025],[0,0],[4.772,-2.481],[-2.268,-4.362],[-6.627,3.447],[0.025,4.057],[0,0],[-3.781,1.575],[-3.224,-0.166],[-1.317,-4.378],[-1.135,-0.507]],"o":[[-0.322,-3.188],[-3.352,-3.76],[-6.462,0.693],[-0.422,-0.661],[-0.6,0.175],[0,0.163],[-0.004,0.024],[0,0],[-3.315,-1.648],[-6.628,3.447],[2.269,4.362],[5.533,-2.877],[0,0],[5.059,0.934],[3.01,-1.253],[4.737,0.245],[0.437,1.452],[3.845,1.72]],"v":[[30.586,-26.568],[27.222,-34.714],[14.646,-39.031],[-4.638,-38.285],[-7.168,-38.913],[-7.737,-37.461],[-7.731,-36.961],[-7.745,-36.891],[-7.745,19.135],[-20.896,20.267],[-28.791,34.406],[-12.683,36.064],[-4.486,24.232],[-4.486,-25.145],[9.905,-28.06],[19.287,-31.48],[24.825,-21.6],[27.214,-18.315]]},"ix":2}},{"ty":"fl","bm":0,"hd":false,"mn":"ADBE Vector Graphic - Fill","nm":"Fill 1","c":{"a":0,"k":[0.1686,0.1961,0.698],"ix":4},"r":1,"o":{"a":0,"k":100,"ix":5}},{"ty":"tr","a":{"a":0,"k":[0,0],"ix":1},"s":{"a":0,"k":[100,100],"ix":3},"sk":{"a":0,"k":0,"ix":4},"p":{"a":0,"k":[31.309,39.761],"ix":2},"r":{"a":0,"k":0,"ix":6},"sa":{"a":0,"k":0,"ix":5},"o":{"a":0,"k":100,"ix":7}}]}],"ind":4},{"ty":4,"nm":"Layer 60 Outlines 5","sr":1,"st":39,"op":100,"ip":39,"hd":false,"ddd":0,"bm":0,"hasMask":false,"ao":0,"ks":{"a":{"a":0,"k":[39.887,47.976,0],"ix":1},"s":{"a":1,"k":[{"o":{"x":0.167,"y":0.167},"i":{"x":0.833,"y":0.833},"s":[0,0,100],"t":39},{"o":{"x":0.167,"y":0.167},"i":{"x":0.833,"y":0.833},"s":[200,200,100],"t":69},{"s":[0,0,100],"t":99}],"ix":6},"sk":{"a":0,"k":0},"p":{"a":1,"k":[{"o":{"x":0.56,"y":0},"i":{"x":0.833,"y":0.833},"s":[17.376,1057.454,0],"t":39,"ti":[-726.376,35.546,0],"to":[840.624,-217.454,0]},{"s":[1056.376,28.454,0],"t":99}],"ix":2},"r":{"a":1,"k":[{"o":{"x":0.167,"y":0.167},"i":{"x":0.833,"y":0.987},"s":[26.98],"t":39},{"o":{"x":0.167,"y":-0.017},"i":{"x":0.833,"y":1.093},"s":[17.279],"t":47},{"o":{"x":0.167,"y":0.051},"i":{"x":0.833,"y":0.978},"s":[25.431],"t":56},{"o":{"x":0.167,"y":-0.03},"i":{"x":0.833,"y":1.037},"s":[7.13],"t":67},{"o":{"x":0.167,"y":0.027},"i":{"x":0.833,"y":0.994},"s":[20.63],"t":78},{"o":{"x":0.167,"y":-0.005},"i":{"x":0.833,"y":0.833},"s":[0.922],"t":90},{"s":[19.343],"t":99}],"ix":10},"sa":{"a":0,"k":0},"o":{"a":0,"k":100,"ix":11}},"ef":[],"shapes":[{"ty":"gr","bm":0,"hd":false,"mn":"ADBE Vector Group","nm":"Group 1","ix":1,"cix":2,"np":2,"it":[{"ty":"sh","bm":0,"hd":false,"mn":"ADBE Vector Shape - Group","nm":"Path 1","ix":1,"d":1,"ks":{"a":0,"k":{"c":true,"i":[[0,0],[0,0],[0,0],[0,-0.391],[0,0],[0,0],[0,0],[5.166,-2.687],[-2.456,-4.723],[-7.176,3.731],[0.028,4.393],[0,0],[-0.338,0.068],[0,0],[0,-0.458],[0,0],[5.166,-2.686],[-2.455,-4.723],[-7.176,3.732],[0.383,4.41],[0,0],[0,0],[0.508,-0.098]],"o":[[0,0],[0,0],[-0.384,0.078],[0,0],[0,0],[0,0],[-3.588,-1.785],[-7.177,3.732],[2.455,4.722],[5.99,-3.115],[0,0],[0,-0.345],[0,0],[0.449,-0.091],[0,0],[-3.588,-1.785],[-7.177,3.732],[2.456,4.723],[5.99,-3.115],[0,0],[0,0],[0,-0.517],[0,0]],"v":[[35.351,-47.063],[35.351,-47.012],[-13.736,-37.012],[-14.396,-36.204],[-14.396,-29.748],[-14.396,-23.197],[-14.396,25.665],[-28.634,26.892],[-37.181,42.199],[-19.741,43.994],[-9.847,31.184],[-9.847,-23.527],[-9.266,-24.238],[34.482,-33.116],[35.351,-32.405],[35.351,13.228],[21.113,14.454],[12.565,29.762],[30.006,31.558],[39.254,18.746],[39.289,18.746],[39.289,-46.819],[38.31,-47.627]]},"ix":2}},{"ty":"fl","bm":0,"hd":false,"mn":"ADBE Vector Graphic - Fill","nm":"Fill 1","c":{"a":0,"k":[0.1686,0.1961,0.698],"ix":4},"r":1,"o":{"a":0,"k":100,"ix":5}},{"ty":"tr","a":{"a":0,"k":[0,0],"ix":1},"s":{"a":0,"k":[100,100],"ix":3},"sk":{"a":0,"k":0,"ix":4},"p":{"a":0,"k":[39.887,47.976],"ix":2},"r":{"a":0,"k":0,"ix":6},"sa":{"a":0,"k":0,"ix":5},"o":{"a":0,"k":100,"ix":7}}]}],"ind":5},{"ty":4,"nm":"Layer 59 Outlines 5","sr":1,"st":36,"op":97,"ip":36,"hd":false,"ddd":0,"bm":0,"hasMask":false,"ao":0,"ks":{"a":{"a":0,"k":[39.887,42.751,0],"ix":1},"s":{"a":1,"k":[{"o":{"x":0.167,"y":0.167},"i":{"x":0.833,"y":0.833},"s":[0,0,100],"t":36},{"o":{"x":0.167,"y":0.167},"i":{"x":0.833,"y":0.833},"s":[200,200,100],"t":66},{"s":[0,0,100],"t":96}],"ix":6},"sk":{"a":0,"k":0},"p":{"a":1,"k":[{"o":{"x":0.56,"y":0},"i":{"x":0.833,"y":0.833},"s":[17.376,1057.454,0],"t":36,"ti":[-20.376,519.546,0],"to":[86.624,-573.454,0]},{"s":[1056.376,28.454,0],"t":96}],"ix":2},"r":{"a":1,"k":[{"o":{"x":0.167,"y":0.167},"i":{"x":0.833,"y":0.861},"s":[5.334],"t":36},{"o":{"x":0.167,"y":0.207},"i":{"x":0.833,"y":0.883},"s":[4.356],"t":37},{"o":{"x":0.167,"y":0.289},"i":{"x":0.833,"y":0.971},"s":[3.699],"t":38},{"o":{"x":0.167,"y":-0.044},"i":{"x":0.833,"y":0.607},"s":[3.432],"t":39},{"o":{"x":0.167,"y":0.106},"i":{"x":0.833,"y":0.771},"s":[3.607],"t":40},{"o":{"x":0.167,"y":0.131},"i":{"x":0.833,"y":0.798},"s":[4.255],"t":41},{"o":{"x":0.167,"y":0.142},"i":{"x":0.833,"y":0.809},"s":[5.39],"t":42},{"o":{"x":0.167,"y":0.148},"i":{"x":0.833,"y":0.814},"s":[7.007],"t":43},{"o":{"x":0.167,"y":0.151},"i":{"x":0.833,"y":0.824},"s":[9.091],"t":44},{"o":{"x":0.167,"y":0.158},"i":{"x":0.833,"y":0.832},"s":[11.662],"t":45},{"o":{"x":0.167,"y":0.165},"i":{"x":0.833,"y":0.837},"s":[14.525],"t":46},{"o":{"x":0.167,"y":0.171},"i":{"x":0.833,"y":0.842},"s":[17.45],"t":47},{"o":{"x":0.167,"y":0.176},"i":{"x":0.833,"y":0.847},"s":[20.244],"t":48},{"o":{"x":0.167,"y":0.183},"i":{"x":0.833,"y":0.852},"s":[22.752],"t":49},{"o":{"x":0.167,"y":0.191},"i":{"x":0.833,"y":0.86},"s":[24.857],"t":50},{"o":{"x":0.167,"y":0.206},"i":{"x":0.833,"y":0.873},"s":[26.479],"t":51},{"o":{"x":0.167,"y":0.244},"i":{"x":0.833,"y":0.905},"s":[27.577],"t":52},{"o":{"x":0.167,"y":0.699},"i":{"x":0.833,"y":1.288},"s":[28.148],"t":53},{"o":{"x":0.167,"y":0.065},"i":{"x":0.833,"y":0.758},"s":[28.225],"t":54},{"o":{"x":0.167,"y":0.127},"i":{"x":0.833,"y":0.812},"s":[27.881],"t":55},{"o":{"x":0.167,"y":0.15},"i":{"x":0.833,"y":0.835},"s":[27.224],"t":56},{"o":{"x":0.167,"y":0.169},"i":{"x":0.833,"y":0.859},"s":[26.403],"t":57},{"o":{"x":0.167,"y":0.204},"i":{"x":0.833,"y":0.908},"s":[25.602],"t":58},{"o":{"x":0.167,"y":0.894},"i":{"x":0.833,"y":1.424},"s":[25.05],"t":59},{"o":{"x":0.167,"y":0.07},"i":{"x":0.833,"y":0.775},"s":[24.994],"t":60},{"o":{"x":0.167,"y":0.132},"i":{"x":0.833,"y":0.819},"s":[25.339],"t":61},{"o":{"x":0.167,"y":0.154},"i":{"x":0.833,"y":0.835},"s":[25.927],"t":62},{"o":{"x":0.167,"y":0.169},"i":{"x":0.833,"y":0.848},"s":[26.619],"t":63},{"o":{"x":0.167,"y":0.184},"i":{"x":0.833,"y":0.863},"s":[27.293],"t":64},{"o":{"x":0.167,"y":0.213},"i":{"x":0.833,"y":0.894},"s":[27.85],"t":65},{"o":{"x":0.167,"y":0.39},"i":{"x":0.833,"y":1.093},"s":[28.208],"t":66},{"o":{"x":0.167,"y":0.044},"i":{"x":0.833,"y":0.701},"s":[28.305],"t":67},{"o":{"x":0.167,"y":0.116},"i":{"x":0.833,"y":0.782},"s":[28.099],"t":68},{"o":{"x":0.167,"y":0.135},"i":{"x":0.833,"y":0.803},"s":[27.568],"t":69},{"o":{"x":0.167,"y":0.144},"i":{"x":0.833,"y":0.814},"s":[26.708],"t":70},{"o":{"x":0.167,"y":0.151},"i":{"x":0.833,"y":0.821},"s":[25.535],"t":71},{"o":{"x":0.167,"y":0.156},"i":{"x":0.833,"y":0.824},"s":[24.085],"t":72},{"o":{"x":0.167,"y":0.159},"i":{"x":0.833,"y":0.802},"s":[22.415],"t":73},{"o":{"x":0.167,"y":0.144},"i":{"x":0.833,"y":0.814},"s":[20.563],"t":74},{"o":{"x":0.167,"y":0.151},"i":{"x":0.833,"y":0.827},"s":[18.02],"t":75},{"o":{"x":0.167,"y":0.161},"i":{"x":0.833,"y":0.835},"s":[14.885],"t":76},{"o":{"x":0.167,"y":0.168},"i":{"x":0.833,"y":0.841},"s":[11.509],"t":77},{"o":{"x":0.167,"y":0.175},"i":{"x":0.833,"y":0.847},"s":[8.191],"t":78},{"o":{"x":0.167,"y":0.183},"i":{"x":0.833,"y":0.855},"s":[5.179],"t":79},{"o":{"x":0.167,"y":0.195},"i":{"x":0.833,"y":0.866},"s":[2.665],"t":80},{"o":{"x":0.167,"y":0.219},"i":{"x":0.833,"y":0.889},"s":[0.79],"t":81},{"o":{"x":0.167,"y":0.331},"i":{"x":0.833,"y":0.993},"s":[-0.358],"t":82},{"o":{"x":0.167,"y":-0.007},"i":{"x":0.833,"y":0.676},"s":[-0.745],"t":83},{"o":{"x":0.167,"y":0.112},"i":{"x":0.833,"y":0.789},"s":[-0.389],"t":84},{"o":{"x":0.167,"y":0.138},"i":{"x":0.833,"y":0.814},"s":[0.638],"t":85},{"o":{"x":0.167,"y":0.151},"i":{"x":0.833,"y":0.827},"s":[2.213],"t":86},{"o":{"x":0.167,"y":0.161},"i":{"x":0.833,"y":0.836},"s":[4.159],"t":87},{"o":{"x":0.167,"y":0.17},"i":{"x":0.833,"y":0.798},"s":[6.246],"t":88},{"o":{"x":0.167,"y":0.142},"i":{"x":0.833,"y":0.81},"s":[8.256],"t":89},{"o":{"x":0.167,"y":0.148},"i":{"x":0.833,"y":0.827},"s":[11.119],"t":90},{"o":{"x":0.167,"y":0.16},"i":{"x":0.833,"y":0.836},"s":[14.8],"t":91},{"o":{"x":0.167,"y":0.17},"i":{"x":0.833,"y":0.844},"s":[18.781],"t":92},{"o":{"x":0.167,"y":0.179},"i":{"x":0.833,"y":0.853},"s":[22.626],"t":93},{"o":{"x":0.167,"y":0.192},"i":{"x":0.833,"y":0.865},"s":[25.977],"t":94},{"o":{"x":0.167,"y":0.217},"i":{"x":0.833,"y":0.833},"s":[28.556],"t":95},{"s":[30.163],"t":96}],"ix":10},"sa":{"a":0,"k":0},"o":{"a":0,"k":100,"ix":11}},"ef":[],"shapes":[{"ty":"gr","bm":0,"hd":false,"mn":"ADBE Vector Group","nm":"Group 1","ix":1,"cix":2,"np":2,"it":[{"ty":"sh","bm":0,"hd":false,"mn":"ADBE Vector Shape - Group","nm":"Path 1","ix":1,"d":1,"ks":{"a":0,"k":{"c":true,"i":[[0,0],[0,0],[0,0],[0,0],[0,0],[5.167,-2.687],[-2.456,-4.724],[-7.176,3.731],[0.028,4.394],[0,0],[0,0],[0,0],[5.166,-2.686],[-2.455,-4.722],[-7.176,3.732],[0.383,4.41],[0,0]],"o":[[0,0],[0,0],[0,0],[0,0],[-3.588,-1.784],[-7.177,3.731],[2.455,4.722],[5.99,-3.115],[0,0],[0,0],[0,0],[-3.588,-1.785],[-7.177,3.732],[2.456,4.723],[5.99,-3.115],[0,0],[0,0]],"v":[[39.289,-42.501],[-14.396,-42.501],[-14.396,-34.216],[-14.396,-32.546],[-14.396,20.439],[-28.634,21.667],[-37.181,36.975],[-19.741,38.77],[-9.847,25.957],[-9.847,-30.934],[35.351,-30.934],[35.351,20.311],[21.113,21.537],[12.565,36.845],[30.006,38.639],[39.254,25.829],[39.289,25.829]]},"ix":2}},{"ty":"fl","bm":0,"hd":false,"mn":"ADBE Vector Graphic - Fill","nm":"Fill 1","c":{"a":0,"k":[0.1686,0.1961,0.698],"ix":4},"r":1,"o":{"a":0,"k":100,"ix":5}},{"ty":"tr","a":{"a":0,"k":[0,0],"ix":1},"s":{"a":0,"k":[100,100],"ix":3},"sk":{"a":0,"k":0,"ix":4},"p":{"a":0,"k":[39.887,42.751],"ix":2},"r":{"a":0,"k":0,"ix":6},"sa":{"a":0,"k":0,"ix":5},"o":{"a":0,"k":100,"ix":7}}]}],"ind":6},{"ty":4,"nm":"Layer 56 Outlines 5","sr":1,"st":33,"op":94,"ip":33,"hd":false,"ddd":0,"bm":0,"hasMask":false,"ao":0,"ks":{"a":{"a":0,"k":[32.039,42.959,0],"ix":1},"s":{"a":1,"k":[{"o":{"x":0.167,"y":0.167},"i":{"x":0.833,"y":0.833},"s":[0,0,100],"t":33},{"o":{"x":0.167,"y":0.167},"i":{"x":0.833,"y":0.833},"s":[200,200,100],"t":63},{"s":[0,0,100],"t":93}],"ix":6},"sk":{"a":0,"k":0},"p":{"a":1,"k":[{"o":{"x":0.56,"y":0},"i":{"x":0.833,"y":0.833},"s":[17.376,1057.454,0],"t":33,"ti":[17.624,665.546,0],"to":[404.624,0.546,0]},{"s":[1056.376,28.454,0],"t":93}],"ix":2},"r":{"a":1,"k":[{"o":{"x":0.167,"y":0.167},"i":{"x":0.833,"y":0.912},"s":[-3.803],"t":33},{"o":{"x":0.167,"y":-0.214},"i":{"x":0.833,"y":0.907},"s":[29.844],"t":45},{"o":{"x":0.167,"y":0.21},"i":{"x":0.833,"y":1.008},"s":[22.921],"t":51},{"o":{"x":0.167,"y":0.006},"i":{"x":0.833,"y":0.931},"s":[11.172],"t":74},{"o":{"x":0.167,"y":-0.015},"i":{"x":0.833,"y":0.833},"s":[23.93],"t":91},{"s":[17.093],"t":93}],"ix":10},"sa":{"a":0,"k":0},"o":{"a":0,"k":100,"ix":11}},"ef":[],"shapes":[{"ty":"gr","bm":0,"hd":false,"mn":"ADBE Vector Group","nm":"Group 1","ix":1,"cix":2,"np":2,"it":[{"ty":"sh","bm":0,"hd":false,"mn":"ADBE Vector Shape - Group","nm":"Path 1","ix":1,"d":1,"ks":{"a":0,"k":{"c":true,"i":[[0,0],[1.013,2.929],[0.186,1.272],[0.036,0.574],[0.164,0.448],[0.838,-0.244],[-0.038,-0.545],[0.003,-0.839],[0.006,-1.689],[0.008,-2.21],[0.008,-2.546],[0.01,-2.698],[0.01,-2.667],[0.008,-2.45],[0.007,-2.051],[0.005,-1.467],[0.002,-0.7],[-0.006,-0.003],[5.166,-2.686],[-2.455,-4.723],[-7.176,3.732],[0.027,4.393],[0,0],[0,0],[0,0],[0,0],[0,0]],"o":[[-2.845,-1.391],[-0.421,-1.215],[-0.082,-0.569],[-0.03,-0.471],[-0.312,-0.852],[-0.651,0.189],[0.057,0.835],[-0.006,1.689],[-0.007,2.21],[-0.009,2.546],[-0.009,2.698],[-0.009,2.667],[-0.008,2.45],[-0.006,2.051],[-0.005,1.467],[-0.002,0.699],[0,0.007],[-3.587,-1.784],[-7.177,3.732],[2.456,4.723],[5.99,-3.114],[0,0],[8.76,-0.267],[8.174,14.397],[-0.878,2.72],[4.688,-2.826],[12.539,-20.952]],"v":[[4.054,-24.137],[-1.653,-31.14],[-2.55,-34.887],[-2.704,-39.882],[-2.856,-41.361],[-5.802,-42.464],[-6.419,-40.893],[-6.359,-35.115],[-6.377,-30.049],[-6.399,-23.419],[-6.425,-15.781],[-6.453,-7.687],[-6.48,0.315],[-6.505,7.667],[-6.526,13.82],[-6.541,18.221],[-6.548,20.32],[-6.549,20.419],[-20.786,21.644],[-29.334,36.953],[-13.495,38.977],[-3.6,26.165],[-3.6,-16.906],[13.281,-6.573],[8.197,22.169],[9.115,24.315],[19.25,12.571]]},"ix":2}},{"ty":"fl","bm":0,"hd":false,"mn":"ADBE Vector Graphic - Fill","nm":"Fill 1","c":{"a":0,"k":[0.1686,0.1961,0.698],"ix":4},"r":1,"o":{"a":0,"k":100,"ix":5}},{"ty":"tr","a":{"a":0,"k":[0,0],"ix":1},"s":{"a":0,"k":[100,100],"ix":3},"sk":{"a":0,"k":0,"ix":4},"p":{"a":0,"k":[32.039,42.959],"ix":2},"r":{"a":0,"k":0,"ix":6},"sa":{"a":0,"k":0,"ix":5},"o":{"a":0,"k":100,"ix":7}}]}],"ind":7},{"ty":4,"nm":"Layer 40 Outlines 5","sr":1,"st":30,"op":91,"ip":30,"hd":false,"ddd":0,"bm":0,"hasMask":false,"ao":1,"ks":{"a":{"a":0,"k":[31.309,39.761,0],"ix":1},"s":{"a":1,"k":[{"o":{"x":0.167,"y":0.167},"i":{"x":0.833,"y":0.833},"s":[0,0,100],"t":30},{"o":{"x":0.167,"y":0.167},"i":{"x":0.833,"y":0.833},"s":[200,200,100],"t":60},{"s":[0,0,100],"t":90}],"ix":6},"sk":{"a":0,"k":0},"p":{"a":1,"k":[{"o":{"x":0.56,"y":0},"i":{"x":0.833,"y":0.833},"s":[17.376,1057.454,0],"t":30,"ti":[-330.376,387.546,0],"to":[330.624,-307.454,0]},{"s":[1056.376,28.454,0],"t":90}],"ix":2},"r":{"a":1,"k":[{"o":{"x":0.167,"y":0.167},"i":{"x":0.833,"y":1.046},"s":[20.211],"t":30},{"o":{"x":0.167,"y":0.108},"i":{"x":0.833,"y":0.889},"s":[27.667],"t":32},{"o":{"x":0.167,"y":-0.147},"i":{"x":0.833,"y":0.741},"s":[0.524],"t":49},{"o":{"x":0.167,"y":0.113},"i":{"x":0.833,"y":0.957},"s":[5.335],"t":53},{"o":{"x":0.167,"y":0.362},"i":{"x":0.833,"y":0.868},"s":[13.618],"t":56},{"o":{"x":0.167,"y":0.247},"i":{"x":0.833,"y":1.398},"s":[18.861],"t":72},{"o":{"x":0.167,"y":0.036},"i":{"x":0.833,"y":0.833},"s":[21.137],"t":85},{"s":[11.34],"t":90}],"ix":10},"sa":{"a":0,"k":0},"o":{"a":0,"k":100,"ix":11}},"ef":[],"shapes":[{"ty":"gr","bm":0,"hd":false,"mn":"ADBE Vector Group","nm":"Group 1","ix":1,"cix":2,"np":2,"it":[{"ty":"sh","bm":0,"hd":false,"mn":"ADBE Vector Shape - Group","nm":"Path 1","ix":1,"d":1,"ks":{"a":0,"k":{"c":true,"i":[[0.298,2.953],[1.852,2.08],[4.466,-0.48],[5.662,6.479],[0.722,-0.21],[0,-0.57],[-0.002,-0.167],[0,-0.025],[0,0],[4.772,-2.481],[-2.268,-4.362],[-6.627,3.447],[0.025,4.057],[0,0],[-3.781,1.575],[-3.224,-0.166],[-1.317,-4.378],[-1.135,-0.507]],"o":[[-0.322,-3.188],[-3.352,-3.76],[-6.462,0.693],[-0.422,-0.661],[-0.6,0.175],[0,0.163],[-0.004,0.024],[0,0],[-3.315,-1.648],[-6.628,3.447],[2.269,4.362],[5.533,-2.877],[0,0],[5.059,0.934],[3.01,-1.253],[4.737,0.245],[0.437,1.452],[3.845,1.72]],"v":[[30.586,-26.568],[27.222,-34.714],[14.646,-39.031],[-4.638,-38.285],[-7.168,-38.913],[-7.737,-37.461],[-7.731,-36.961],[-7.745,-36.891],[-7.745,19.135],[-20.896,20.267],[-28.791,34.406],[-12.683,36.064],[-4.486,24.232],[-4.486,-25.145],[9.905,-28.06],[19.287,-31.48],[24.825,-21.6],[27.214,-18.315]]},"ix":2}},{"ty":"fl","bm":0,"hd":false,"mn":"ADBE Vector Graphic - Fill","nm":"Fill 1","c":{"a":0,"k":[0.1686,0.1961,0.698],"ix":4},"r":1,"o":{"a":0,"k":100,"ix":5}},{"ty":"tr","a":{"a":0,"k":[0,0],"ix":1},"s":{"a":0,"k":[100,100],"ix":3},"sk":{"a":0,"k":0,"ix":4},"p":{"a":0,"k":[31.309,39.761],"ix":2},"r":{"a":0,"k":0,"ix":6},"sa":{"a":0,"k":0,"ix":5},"o":{"a":0,"k":100,"ix":7}}]}],"ind":8},{"ty":4,"nm":"Layer 60 Outlines 4","sr":1,"st":27,"op":88,"ip":27,"hd":false,"ddd":0,"bm":0,"hasMask":false,"ao":0,"ks":{"a":{"a":0,"k":[39.887,47.976,0],"ix":1},"s":{"a":1,"k":[{"o":{"x":0.167,"y":0.167},"i":{"x":0.833,"y":0.833},"s":[0,0,100],"t":27},{"o":{"x":0.167,"y":0.167},"i":{"x":0.833,"y":0.833},"s":[200,200,100],"t":57},{"s":[0,0,100],"t":87}],"ix":6},"sk":{"a":0,"k":0},"p":{"a":1,"k":[{"o":{"x":0.56,"y":0},"i":{"x":0.833,"y":0.833},"s":[17.376,1057.454,0],"t":27,"ti":[-714.376,13.546,0],"to":[6.624,-453.454,0]},{"s":[1056.376,28.454,0],"t":87}],"ix":2},"r":{"a":1,"k":[{"o":{"x":0.167,"y":0.167},"i":{"x":0.833,"y":0.953},"s":[38.632],"t":27},{"o":{"x":0.167,"y":-0.076},"i":{"x":0.833,"y":0.987},"s":[3.044],"t":41},{"o":{"x":0.167,"y":-0.018},"i":{"x":0.833,"y":1.059},"s":[20.558],"t":52},{"o":{"x":0.167,"y":0.032},"i":{"x":0.833,"y":0.942},"s":[5.979],"t":64},{"o":{"x":0.167,"y":-0.232},"i":{"x":0.833,"y":0.833},"s":[30.519],"t":75},{"s":[23.823],"t":87}],"ix":10},"sa":{"a":0,"k":0},"o":{"a":0,"k":100,"ix":11}},"ef":[],"shapes":[{"ty":"gr","bm":0,"hd":false,"mn":"ADBE Vector Group","nm":"Group 1","ix":1,"cix":2,"np":2,"it":[{"ty":"sh","bm":0,"hd":false,"mn":"ADBE Vector Shape - Group","nm":"Path 1","ix":1,"d":1,"ks":{"a":0,"k":{"c":true,"i":[[0,0],[0,0],[0,0],[0,-0.391],[0,0],[0,0],[0,0],[5.166,-2.687],[-2.456,-4.723],[-7.176,3.731],[0.028,4.393],[0,0],[-0.338,0.068],[0,0],[0,-0.458],[0,0],[5.166,-2.686],[-2.455,-4.723],[-7.176,3.732],[0.383,4.41],[0,0],[0,0],[0.508,-0.098]],"o":[[0,0],[0,0],[-0.384,0.078],[0,0],[0,0],[0,0],[-3.588,-1.785],[-7.177,3.732],[2.455,4.722],[5.99,-3.115],[0,0],[0,-0.345],[0,0],[0.449,-0.091],[0,0],[-3.588,-1.785],[-7.177,3.732],[2.456,4.723],[5.99,-3.115],[0,0],[0,0],[0,-0.517],[0,0]],"v":[[35.351,-47.063],[35.351,-47.012],[-13.736,-37.012],[-14.396,-36.204],[-14.396,-29.748],[-14.396,-23.197],[-14.396,25.665],[-28.634,26.892],[-37.181,42.199],[-19.741,43.994],[-9.847,31.184],[-9.847,-23.527],[-9.266,-24.238],[34.482,-33.116],[35.351,-32.405],[35.351,13.228],[21.113,14.454],[12.565,29.762],[30.006,31.558],[39.254,18.746],[39.289,18.746],[39.289,-46.819],[38.31,-47.627]]},"ix":2}},{"ty":"fl","bm":0,"hd":false,"mn":"ADBE Vector Graphic - Fill","nm":"Fill 1","c":{"a":0,"k":[0.1686,0.1961,0.698],"ix":4},"r":1,"o":{"a":0,"k":100,"ix":5}},{"ty":"tr","a":{"a":0,"k":[0,0],"ix":1},"s":{"a":0,"k":[100,100],"ix":3},"sk":{"a":0,"k":0,"ix":4},"p":{"a":0,"k":[39.887,47.976],"ix":2},"r":{"a":0,"k":0,"ix":6},"sa":{"a":0,"k":0,"ix":5},"o":{"a":0,"k":100,"ix":7}}]}],"ind":9},{"ty":4,"nm":"Layer 59 Outlines 4","sr":1,"st":24,"op":85,"ip":24,"hd":false,"ddd":0,"bm":0,"hasMask":false,"ao":0,"ks":{"a":{"a":0,"k":[39.887,42.751,0],"ix":1},"s":{"a":1,"k":[{"o":{"x":0.167,"y":0.167},"i":{"x":0.833,"y":0.833},"s":[0,0,100],"t":24},{"o":{"x":0.167,"y":0.167},"i":{"x":0.833,"y":0.833},"s":[200,200,100],"t":54},{"s":[0,0,100],"t":84}],"ix":6},"sk":{"a":0,"k":0},"p":{"a":1,"k":[{"o":{"x":0.56,"y":0},"i":{"x":0.833,"y":0.833},"s":[17.376,1057.454,0],"t":24,"ti":[-66.376,833.546,0],"to":[720.624,-95.454,0]},{"s":[1056.376,28.454,0],"t":84}],"ix":2},"r":{"a":1,"k":[{"o":{"x":0.167,"y":0.167},"i":{"x":0.833,"y":1.043},"s":[25.363],"t":24},{"o":{"x":0.167,"y":0.015},"i":{"x":0.833,"y":0.844},"s":[2.895],"t":53},{"o":{"x":0.167,"y":2.227},"i":{"x":0.833,"y":1.981},"s":[33.887],"t":67},{"o":{"x":0.167,"y":0.155},"i":{"x":0.833,"y":0.833},"s":[34.042],"t":68},{"s":[18.341],"t":84}],"ix":10},"sa":{"a":0,"k":0},"o":{"a":0,"k":100,"ix":11}},"ef":[],"shapes":[{"ty":"gr","bm":0,"hd":false,"mn":"ADBE Vector Group","nm":"Group 1","ix":1,"cix":2,"np":2,"it":[{"ty":"sh","bm":0,"hd":false,"mn":"ADBE Vector Shape - Group","nm":"Path 1","ix":1,"d":1,"ks":{"a":0,"k":{"c":true,"i":[[0,0],[0,0],[0,0],[0,0],[0,0],[5.167,-2.687],[-2.456,-4.724],[-7.176,3.731],[0.028,4.394],[0,0],[0,0],[0,0],[5.166,-2.686],[-2.455,-4.722],[-7.176,3.732],[0.383,4.41],[0,0]],"o":[[0,0],[0,0],[0,0],[0,0],[-3.588,-1.784],[-7.177,3.731],[2.455,4.722],[5.99,-3.115],[0,0],[0,0],[0,0],[-3.588,-1.785],[-7.177,3.732],[2.456,4.723],[5.99,-3.115],[0,0],[0,0]],"v":[[39.289,-42.501],[-14.396,-42.501],[-14.396,-34.216],[-14.396,-32.546],[-14.396,20.439],[-28.634,21.667],[-37.181,36.975],[-19.741,38.77],[-9.847,25.957],[-9.847,-30.934],[35.351,-30.934],[35.351,20.311],[21.113,21.537],[12.565,36.845],[30.006,38.639],[39.254,25.829],[39.289,25.829]]},"ix":2}},{"ty":"fl","bm":0,"hd":false,"mn":"ADBE Vector Graphic - Fill","nm":"Fill 1","c":{"a":0,"k":[0.1686,0.1961,0.698],"ix":4},"r":1,"o":{"a":0,"k":100,"ix":5}},{"ty":"tr","a":{"a":0,"k":[0,0],"ix":1},"s":{"a":0,"k":[100,100],"ix":3},"sk":{"a":0,"k":0,"ix":4},"p":{"a":0,"k":[39.887,42.751],"ix":2},"r":{"a":0,"k":0,"ix":6},"sa":{"a":0,"k":0,"ix":5},"o":{"a":0,"k":100,"ix":7}}]}],"ind":10},{"ty":4,"nm":"Layer 56 Outlines 4","sr":1,"st":21,"op":82,"ip":21,"hd":false,"ddd":0,"bm":0,"hasMask":false,"ao":0,"ks":{"a":{"a":0,"k":[32.039,42.959,0],"ix":1},"s":{"a":1,"k":[{"o":{"x":0.167,"y":0.167},"i":{"x":0.833,"y":0.833},"s":[0,0,100],"t":21},{"o":{"x":0.167,"y":0.167},"i":{"x":0.833,"y":0.833},"s":[200,200,100],"t":51},{"s":[0,0,100],"t":81}],"ix":6},"sk":{"a":0,"k":0},"p":{"a":1,"k":[{"o":{"x":0.56,"y":0},"i":{"x":0.833,"y":0.833},"s":[17.376,1057.454,0],"t":21,"ti":[-88.376,565.546,0],"to":[136.624,-557.454,0]},{"s":[1056.376,28.454,0],"t":81}],"ix":2},"r":{"a":1,"k":[{"o":{"x":0.167,"y":0.167},"i":{"x":0.833,"y":1.083},"s":[20.772],"t":21},{"o":{"x":0.167,"y":0.028},"i":{"x":0.833,"y":0.847},"s":[4.329],"t":42},{"o":{"x":0.167,"y":0.272},"i":{"x":0.833,"y":1.136},"s":[34.067],"t":55},{"o":{"x":0.167,"y":0.125},"i":{"x":0.833,"y":0.904},"s":[37.927],"t":58},{"o":{"x":0.167,"y":-0.042},"i":{"x":0.833,"y":0.833},"s":[9.864],"t":78},{"s":[19.38],"t":81}],"ix":10},"sa":{"a":0,"k":0},"o":{"a":0,"k":100,"ix":11}},"ef":[],"shapes":[{"ty":"gr","bm":0,"hd":false,"mn":"ADBE Vector Group","nm":"Group 1","ix":1,"cix":2,"np":2,"it":[{"ty":"sh","bm":0,"hd":false,"mn":"ADBE Vector Shape - Group","nm":"Path 1","ix":1,"d":1,"ks":{"a":0,"k":{"c":true,"i":[[0,0],[1.013,2.929],[0.186,1.272],[0.036,0.574],[0.164,0.448],[0.838,-0.244],[-0.038,-0.545],[0.003,-0.839],[0.006,-1.689],[0.008,-2.21],[0.008,-2.546],[0.01,-2.698],[0.01,-2.667],[0.008,-2.45],[0.007,-2.051],[0.005,-1.467],[0.002,-0.7],[-0.006,-0.003],[5.166,-2.686],[-2.455,-4.723],[-7.176,3.732],[0.027,4.393],[0,0],[0,0],[0,0],[0,0],[0,0]],"o":[[-2.845,-1.391],[-0.421,-1.215],[-0.082,-0.569],[-0.03,-0.471],[-0.312,-0.852],[-0.651,0.189],[0.057,0.835],[-0.006,1.689],[-0.007,2.21],[-0.009,2.546],[-0.009,2.698],[-0.009,2.667],[-0.008,2.45],[-0.006,2.051],[-0.005,1.467],[-0.002,0.699],[0,0.007],[-3.587,-1.784],[-7.177,3.732],[2.456,4.723],[5.99,-3.114],[0,0],[8.76,-0.267],[8.174,14.397],[-0.878,2.72],[4.688,-2.826],[12.539,-20.952]],"v":[[4.054,-24.137],[-1.653,-31.14],[-2.55,-34.887],[-2.704,-39.882],[-2.856,-41.361],[-5.802,-42.464],[-6.419,-40.893],[-6.359,-35.115],[-6.377,-30.049],[-6.399,-23.419],[-6.425,-15.781],[-6.453,-7.687],[-6.48,0.315],[-6.505,7.667],[-6.526,13.82],[-6.541,18.221],[-6.548,20.32],[-6.549,20.419],[-20.786,21.644],[-29.334,36.953],[-13.495,38.977],[-3.6,26.165],[-3.6,-16.906],[13.281,-6.573],[8.197,22.169],[9.115,24.315],[19.25,12.571]]},"ix":2}},{"ty":"fl","bm":0,"hd":false,"mn":"ADBE Vector Graphic - Fill","nm":"Fill 1","c":{"a":0,"k":[0.1686,0.1961,0.698],"ix":4},"r":1,"o":{"a":0,"k":100,"ix":5}},{"ty":"tr","a":{"a":0,"k":[0,0],"ix":1},"s":{"a":0,"k":[100,100],"ix":3},"sk":{"a":0,"k":0,"ix":4},"p":{"a":0,"k":[32.039,42.959],"ix":2},"r":{"a":0,"k":0,"ix":6},"sa":{"a":0,"k":0,"ix":5},"o":{"a":0,"k":100,"ix":7}}]}],"ind":11},{"ty":4,"nm":"Layer 40 Outlines 4","sr":1,"st":18,"op":79,"ip":18,"hd":false,"ddd":0,"bm":0,"hasMask":false,"ao":1,"ks":{"a":{"a":0,"k":[31.309,39.761,0],"ix":1},"s":{"a":1,"k":[{"o":{"x":0.167,"y":0.167},"i":{"x":0.833,"y":0.833},"s":[0,0,100],"t":18},{"o":{"x":0.167,"y":0.167},"i":{"x":0.833,"y":0.833},"s":[200,200,100],"t":48},{"s":[0,0,100],"t":78}],"ix":6},"sk":{"a":0,"k":0},"p":{"a":1,"k":[{"o":{"x":0.56,"y":0},"i":{"x":0.833,"y":0.833},"s":[17.376,1057.454,0],"t":18,"ti":[-455.376,26.546,0],"to":[950.624,-65.454,0]},{"s":[1056.376,28.454,0],"t":78}],"ix":2},"r":{"a":1,"k":[{"o":{"x":0.167,"y":0.167},"i":{"x":0.833,"y":1.067},"s":[28.101],"t":18},{"o":{"x":0.167,"y":0.026},"i":{"x":0.833,"y":1.044},"s":[12.277],"t":38},{"o":{"x":0.167,"y":0.032},"i":{"x":0.833,"y":0.956},"s":[38.646],"t":51},{"o":{"x":0.167,"y":-0.068},"i":{"x":0.833,"y":0.833},"s":[-2.692],"t":66},{"s":[18.846],"t":78}],"ix":10},"sa":{"a":0,"k":0},"o":{"a":0,"k":100,"ix":11}},"ef":[],"shapes":[{"ty":"gr","bm":0,"hd":false,"mn":"ADBE Vector Group","nm":"Group 1","ix":1,"cix":2,"np":2,"it":[{"ty":"sh","bm":0,"hd":false,"mn":"ADBE Vector Shape - Group","nm":"Path 1","ix":1,"d":1,"ks":{"a":0,"k":{"c":true,"i":[[0.298,2.953],[1.852,2.08],[4.466,-0.48],[5.662,6.479],[0.722,-0.21],[0,-0.57],[-0.002,-0.167],[0,-0.025],[0,0],[4.772,-2.481],[-2.268,-4.362],[-6.627,3.447],[0.025,4.057],[0,0],[-3.781,1.575],[-3.224,-0.166],[-1.317,-4.378],[-1.135,-0.507]],"o":[[-0.322,-3.188],[-3.352,-3.76],[-6.462,0.693],[-0.422,-0.661],[-0.6,0.175],[0,0.163],[-0.004,0.024],[0,0],[-3.315,-1.648],[-6.628,3.447],[2.269,4.362],[5.533,-2.877],[0,0],[5.059,0.934],[3.01,-1.253],[4.737,0.245],[0.437,1.452],[3.845,1.72]],"v":[[30.586,-26.568],[27.222,-34.714],[14.646,-39.031],[-4.638,-38.285],[-7.168,-38.913],[-7.737,-37.461],[-7.731,-36.961],[-7.745,-36.891],[-7.745,19.135],[-20.896,20.267],[-28.791,34.406],[-12.683,36.064],[-4.486,24.232],[-4.486,-25.145],[9.905,-28.06],[19.287,-31.48],[24.825,-21.6],[27.214,-18.315]]},"ix":2}},{"ty":"fl","bm":0,"hd":false,"mn":"ADBE Vector Graphic - Fill","nm":"Fill 1","c":{"a":0,"k":[0.1686,0.1961,0.698],"ix":4},"r":1,"o":{"a":0,"k":100,"ix":5}},{"ty":"tr","a":{"a":0,"k":[0,0],"ix":1},"s":{"a":0,"k":[100,100],"ix":3},"sk":{"a":0,"k":0,"ix":4},"p":{"a":0,"k":[31.309,39.761],"ix":2},"r":{"a":0,"k":0,"ix":6},"sa":{"a":0,"k":0,"ix":5},"o":{"a":0,"k":100,"ix":7}}]}],"ind":12},{"ty":4,"nm":"Layer 60 Outlines 3","sr":1,"st":33,"op":93,"ip":33,"hd":false,"ddd":0,"bm":0,"hasMask":false,"ao":0,"ks":{"a":{"a":0,"k":[39.887,47.976,0],"ix":1},"s":{"a":1,"k":[{"o":{"x":0.167,"y":0.167},"i":{"x":0.833,"y":0.833},"s":[0,0,100],"t":33},{"o":{"x":0.167,"y":0.167},"i":{"x":0.833,"y":0.833},"s":[200,200,100],"t":63},{"s":[0,0,100],"t":93}],"ix":6},"sk":{"a":0,"k":0},"p":{"a":1,"k":[{"o":{"x":0.56,"y":0},"i":{"x":0.833,"y":0.833},"s":[17.376,1057.454,0],"t":33,"ti":[-295.376,92.546,0],"to":[596.624,-191.454,0]},{"s":[1056.376,28.454,0],"t":93}],"ix":2},"r":{"a":1,"k":[{"o":{"x":0.167,"y":0.167},"i":{"x":0.833,"y":1.096},"s":[22.188],"t":33},{"o":{"x":0.167,"y":0.056},"i":{"x":0.833,"y":0.963},"s":[33.892],"t":43},{"o":{"x":0.167,"y":-0.043},"i":{"x":0.833,"y":0.976},"s":[5.986],"t":57},{"o":{"x":0.167,"y":-0.042},"i":{"x":0.833,"y":1.077},"s":[23.268],"t":67},{"o":{"x":0.167,"y":0.043},"i":{"x":0.833,"y":0.833},"s":[11.413],"t":79},{"s":[34.734],"t":92}],"ix":10},"sa":{"a":0,"k":0},"o":{"a":0,"k":100,"ix":11}},"ef":[],"shapes":[{"ty":"gr","bm":0,"hd":false,"mn":"ADBE Vector Group","nm":"Group 1","ix":1,"cix":2,"np":2,"it":[{"ty":"sh","bm":0,"hd":false,"mn":"ADBE Vector Shape - Group","nm":"Path 1","ix":1,"d":1,"ks":{"a":0,"k":{"c":true,"i":[[0,0],[0,0],[0,0],[0,-0.391],[0,0],[0,0],[0,0],[5.166,-2.687],[-2.456,-4.723],[-7.176,3.731],[0.028,4.393],[0,0],[-0.338,0.068],[0,0],[0,-0.458],[0,0],[5.166,-2.686],[-2.455,-4.723],[-7.176,3.732],[0.383,4.41],[0,0],[0,0],[0.508,-0.098]],"o":[[0,0],[0,0],[-0.384,0.078],[0,0],[0,0],[0,0],[-3.588,-1.785],[-7.177,3.732],[2.455,4.722],[5.99,-3.115],[0,0],[0,-0.345],[0,0],[0.449,-0.091],[0,0],[-3.588,-1.785],[-7.177,3.732],[2.456,4.723],[5.99,-3.115],[0,0],[0,0],[0,-0.517],[0,0]],"v":[[35.351,-47.063],[35.351,-47.012],[-13.736,-37.012],[-14.396,-36.204],[-14.396,-29.748],[-14.396,-23.197],[-14.396,25.665],[-28.634,26.892],[-37.181,42.199],[-19.741,43.994],[-9.847,31.184],[-9.847,-23.527],[-9.266,-24.238],[34.482,-33.116],[35.351,-32.405],[35.351,13.228],[21.113,14.454],[12.565,29.762],[30.006,31.558],[39.254,18.746],[39.289,18.746],[39.289,-46.819],[38.31,-47.627]]},"ix":2}},{"ty":"fl","bm":0,"hd":false,"mn":"ADBE Vector Graphic - Fill","nm":"Fill 1","c":{"a":0,"k":[0.1686,0.1961,0.698],"ix":4},"r":1,"o":{"a":0,"k":100,"ix":5}},{"ty":"tr","a":{"a":0,"k":[0,0],"ix":1},"s":{"a":0,"k":[100,100],"ix":3},"sk":{"a":0,"k":0,"ix":4},"p":{"a":0,"k":[39.887,47.976],"ix":2},"r":{"a":0,"k":0,"ix":6},"sa":{"a":0,"k":0,"ix":5},"o":{"a":0,"k":100,"ix":7}}]}],"ind":13},{"ty":4,"nm":"Layer 59 Outlines 3","sr":1,"st":30,"op":90,"ip":30,"hd":false,"ddd":0,"bm":0,"hasMask":false,"ao":0,"ks":{"a":{"a":0,"k":[39.887,42.751,0],"ix":1},"s":{"a":1,"k":[{"o":{"x":0.167,"y":0.167},"i":{"x":0.833,"y":0.833},"s":[0,0,100],"t":30},{"o":{"x":0.167,"y":0.167},"i":{"x":0.833,"y":0.833},"s":[200,200,100],"t":60},{"s":[0,0,100],"t":90}],"ix":6},"sk":{"a":0,"k":0},"p":{"a":1,"k":[{"o":{"x":0.56,"y":0},"i":{"x":0.833,"y":0.833},"s":[17.376,1057.454,0],"t":30,"ti":[-295.376,92.546,0],"to":[74.624,-363.454,0]},{"s":[1056.376,28.454,0],"t":90}],"ix":2},"r":{"a":1,"k":[{"o":{"x":0.167,"y":0.167},"i":{"x":0.833,"y":0.866},"s":[26.229],"t":30},{"o":{"x":0.167,"y":-0.139},"i":{"x":0.833,"y":0.695},"s":[12.14],"t":48},{"o":{"x":0.167,"y":0.128},"i":{"x":0.833,"y":0.984},"s":[13.65],"t":50},{"o":{"x":0.167,"y":-0.317},"i":{"x":0.833,"y":1.621},"s":[19.055],"t":53},{"o":{"x":0.167,"y":0.051},"i":{"x":0.833,"y":1.019},"s":[17.376],"t":71},{"o":{"x":0.167,"y":0.013},"i":{"x":0.833,"y":0.833},"s":[28.787],"t":81},{"s":[15.055],"t":89}],"ix":10},"sa":{"a":0,"k":0},"o":{"a":0,"k":100,"ix":11}},"ef":[],"shapes":[{"ty":"gr","bm":0,"hd":false,"mn":"ADBE Vector Group","nm":"Group 1","ix":1,"cix":2,"np":2,"it":[{"ty":"sh","bm":0,"hd":false,"mn":"ADBE Vector Shape - Group","nm":"Path 1","ix":1,"d":1,"ks":{"a":0,"k":{"c":true,"i":[[0,0],[0,0],[0,0],[0,0],[0,0],[5.167,-2.687],[-2.456,-4.724],[-7.176,3.731],[0.028,4.394],[0,0],[0,0],[0,0],[5.166,-2.686],[-2.455,-4.722],[-7.176,3.732],[0.383,4.41],[0,0]],"o":[[0,0],[0,0],[0,0],[0,0],[-3.588,-1.784],[-7.177,3.731],[2.455,4.722],[5.99,-3.115],[0,0],[0,0],[0,0],[-3.588,-1.785],[-7.177,3.732],[2.456,4.723],[5.99,-3.115],[0,0],[0,0]],"v":[[39.289,-42.501],[-14.396,-42.501],[-14.396,-34.216],[-14.396,-32.546],[-14.396,20.439],[-28.634,21.667],[-37.181,36.975],[-19.741,38.77],[-9.847,25.957],[-9.847,-30.934],[35.351,-30.934],[35.351,20.311],[21.113,21.537],[12.565,36.845],[30.006,38.639],[39.254,25.829],[39.289,25.829]]},"ix":2}},{"ty":"fl","bm":0,"hd":false,"mn":"ADBE Vector Graphic - Fill","nm":"Fill 1","c":{"a":0,"k":[0.1686,0.1961,0.698],"ix":4},"r":1,"o":{"a":0,"k":100,"ix":5}},{"ty":"tr","a":{"a":0,"k":[0,0],"ix":1},"s":{"a":0,"k":[100,100],"ix":3},"sk":{"a":0,"k":0,"ix":4},"p":{"a":0,"k":[39.887,42.751],"ix":2},"r":{"a":0,"k":0,"ix":6},"sa":{"a":0,"k":0,"ix":5},"o":{"a":0,"k":100,"ix":7}}]}],"ind":14},{"ty":4,"nm":"Layer 56 Outlines 3","sr":1,"st":27,"op":87,"ip":27,"hd":false,"ddd":0,"bm":0,"hasMask":false,"ao":0,"ks":{"a":{"a":0,"k":[32.039,42.959,0],"ix":1},"s":{"a":1,"k":[{"o":{"x":0.167,"y":0.167},"i":{"x":0.833,"y":0.833},"s":[0,0,100],"t":27},{"o":{"x":0.167,"y":0.167},"i":{"x":0.833,"y":0.833},"s":[200,200,100],"t":57},{"s":[0,0,100],"t":87}],"ix":6},"sk":{"a":0,"k":0},"p":{"a":1,"k":[{"o":{"x":0.56,"y":0},"i":{"x":0.833,"y":0.833},"s":[17.376,1057.454,0],"t":27,"ti":[-48.376,437.546,0],"to":[514.624,-117.454,0]},{"s":[1056.376,28.454,0],"t":87}],"ix":2},"r":{"a":1,"k":[{"o":{"x":0.167,"y":0.167},"i":{"x":0.833,"y":1.017},"s":[27.122],"t":27},{"o":{"x":0.167,"y":0.019},"i":{"x":0.833,"y":1.041},"s":[12.346],"t":44},{"o":{"x":0.167,"y":0.022},"i":{"x":0.833,"y":0.833},"s":[30.8],"t":68},{"s":[4.306],"t":86}],"ix":10},"sa":{"a":0,"k":0},"o":{"a":0,"k":100,"ix":11}},"ef":[],"shapes":[{"ty":"gr","bm":0,"hd":false,"mn":"ADBE Vector Group","nm":"Group 1","ix":1,"cix":2,"np":2,"it":[{"ty":"sh","bm":0,"hd":false,"mn":"ADBE Vector Shape - Group","nm":"Path 1","ix":1,"d":1,"ks":{"a":0,"k":{"c":true,"i":[[0,0],[1.013,2.929],[0.186,1.272],[0.036,0.574],[0.164,0.448],[0.838,-0.244],[-0.038,-0.545],[0.003,-0.839],[0.006,-1.689],[0.008,-2.21],[0.008,-2.546],[0.01,-2.698],[0.01,-2.667],[0.008,-2.45],[0.007,-2.051],[0.005,-1.467],[0.002,-0.7],[-0.006,-0.003],[5.166,-2.686],[-2.455,-4.723],[-7.176,3.732],[0.027,4.393],[0,0],[0,0],[0,0],[0,0],[0,0]],"o":[[-2.845,-1.391],[-0.421,-1.215],[-0.082,-0.569],[-0.03,-0.471],[-0.312,-0.852],[-0.651,0.189],[0.057,0.835],[-0.006,1.689],[-0.007,2.21],[-0.009,2.546],[-0.009,2.698],[-0.009,2.667],[-0.008,2.45],[-0.006,2.051],[-0.005,1.467],[-0.002,0.699],[0,0.007],[-3.587,-1.784],[-7.177,3.732],[2.456,4.723],[5.99,-3.114],[0,0],[8.76,-0.267],[8.174,14.397],[-0.878,2.72],[4.688,-2.826],[12.539,-20.952]],"v":[[4.054,-24.137],[-1.653,-31.14],[-2.55,-34.887],[-2.704,-39.882],[-2.856,-41.361],[-5.802,-42.464],[-6.419,-40.893],[-6.359,-35.115],[-6.377,-30.049],[-6.399,-23.419],[-6.425,-15.781],[-6.453,-7.687],[-6.48,0.315],[-6.505,7.667],[-6.526,13.82],[-6.541,18.221],[-6.548,20.32],[-6.549,20.419],[-20.786,21.644],[-29.334,36.953],[-13.495,38.977],[-3.6,26.165],[-3.6,-16.906],[13.281,-6.573],[8.197,22.169],[9.115,24.315],[19.25,12.571]]},"ix":2}},{"ty":"fl","bm":0,"hd":false,"mn":"ADBE Vector Graphic - Fill","nm":"Fill 1","c":{"a":0,"k":[0.1686,0.1961,0.698],"ix":4},"r":1,"o":{"a":0,"k":100,"ix":5}},{"ty":"tr","a":{"a":0,"k":[0,0],"ix":1},"s":{"a":0,"k":[100,100],"ix":3},"sk":{"a":0,"k":0,"ix":4},"p":{"a":0,"k":[32.039,42.959],"ix":2},"r":{"a":0,"k":0,"ix":6},"sa":{"a":0,"k":0,"ix":5},"o":{"a":0,"k":100,"ix":7}}]}],"ind":15},{"ty":4,"nm":"Layer 40 Outlines 3","sr":1,"st":24,"op":84,"ip":24,"hd":false,"ddd":0,"bm":0,"hasMask":false,"ao":1,"ks":{"a":{"a":0,"k":[31.309,39.761,0],"ix":1},"s":{"a":1,"k":[{"o":{"x":0.167,"y":0.167},"i":{"x":0.833,"y":0.833},"s":[0,0,100],"t":24},{"o":{"x":0.167,"y":0.167},"i":{"x":0.833,"y":0.833},"s":[200,200,100],"t":54},{"s":[0,0,100],"t":84}],"ix":6},"sk":{"a":0,"k":0},"p":{"a":1,"k":[{"o":{"x":0.56,"y":0},"i":{"x":0.833,"y":0.833},"s":[17.376,1057.454,0],"t":24,"ti":[-75.376,208.546,0],"to":[60.624,-289.454,0]},{"s":[1056.376,28.454,0],"t":84}],"ix":2},"r":{"a":1,"k":[{"o":{"x":0.167,"y":0.167},"i":{"x":0.833,"y":1.094},"s":[18.202],"t":24},{"o":{"x":0.167,"y":0.055},"i":{"x":0.833,"y":0.841},"s":[7.125],"t":38},{"o":{"x":0.167,"y":0.298},"i":{"x":0.833,"y":1.551},"s":[32.922],"t":57},{"o":{"x":0.167,"y":0.139},"i":{"x":0.833,"y":0.954},"s":[34.375],"t":59},{"o":{"x":0.167,"y":-0.044},"i":{"x":0.833,"y":0.824},"s":[-3.107],"t":72},{"o":{"x":0.167,"y":0.153},"i":{"x":0.833,"y":0.833},"s":[18.32],"t":79},{"s":[32.407],"t":83}],"ix":10},"sa":{"a":0,"k":0},"o":{"a":0,"k":100,"ix":11}},"ef":[],"shapes":[{"ty":"gr","bm":0,"hd":false,"mn":"ADBE Vector Group","nm":"Group 1","ix":1,"cix":2,"np":2,"it":[{"ty":"sh","bm":0,"hd":false,"mn":"ADBE Vector Shape - Group","nm":"Path 1","ix":1,"d":1,"ks":{"a":0,"k":{"c":true,"i":[[0.298,2.953],[1.852,2.08],[4.466,-0.48],[5.662,6.479],[0.722,-0.21],[0,-0.57],[-0.002,-0.167],[0,-0.025],[0,0],[4.772,-2.481],[-2.268,-4.362],[-6.627,3.447],[0.025,4.057],[0,0],[-3.781,1.575],[-3.224,-0.166],[-1.317,-4.378],[-1.135,-0.507]],"o":[[-0.322,-3.188],[-3.352,-3.76],[-6.462,0.693],[-0.422,-0.661],[-0.6,0.175],[0,0.163],[-0.004,0.024],[0,0],[-3.315,-1.648],[-6.628,3.447],[2.269,4.362],[5.533,-2.877],[0,0],[5.059,0.934],[3.01,-1.253],[4.737,0.245],[0.437,1.452],[3.845,1.72]],"v":[[30.586,-26.568],[27.222,-34.714],[14.646,-39.031],[-4.638,-38.285],[-7.168,-38.913],[-7.737,-37.461],[-7.731,-36.961],[-7.745,-36.891],[-7.745,19.135],[-20.896,20.267],[-28.791,34.406],[-12.683,36.064],[-4.486,24.232],[-4.486,-25.145],[9.905,-28.06],[19.287,-31.48],[24.825,-21.6],[27.214,-18.315]]},"ix":2}},{"ty":"fl","bm":0,"hd":false,"mn":"ADBE Vector Graphic - Fill","nm":"Fill 1","c":{"a":0,"k":[0.1686,0.1961,0.698],"ix":4},"r":1,"o":{"a":0,"k":100,"ix":5}},{"ty":"tr","a":{"a":0,"k":[0,0],"ix":1},"s":{"a":0,"k":[100,100],"ix":3},"sk":{"a":0,"k":0,"ix":4},"p":{"a":0,"k":[31.309,39.761],"ix":2},"r":{"a":0,"k":0,"ix":6},"sa":{"a":0,"k":0,"ix":5},"o":{"a":0,"k":100,"ix":7}}]}],"ind":16},{"ty":4,"nm":"Layer 60 Outlines 2","sr":1,"st":21,"op":81,"ip":21,"hd":false,"ddd":0,"bm":0,"hasMask":false,"ao":0,"ks":{"a":{"a":0,"k":[39.887,47.976,0],"ix":1},"s":{"a":1,"k":[{"o":{"x":0.167,"y":0.167},"i":{"x":0.833,"y":0.833},"s":[0,0,100],"t":21},{"o":{"x":0.167,"y":0.167},"i":{"x":0.833,"y":0.833},"s":[200,200,100],"t":51},{"s":[0,0,100],"t":81}],"ix":6},"sk":{"a":0,"k":0},"p":{"a":1,"k":[{"o":{"x":0.56,"y":0},"i":{"x":0.833,"y":0.833},"s":[17.376,1057.454,0],"t":21,"ti":[-295.376,92.546,0],"to":[596.624,-191.454,0]},{"s":[1056.376,28.454,0],"t":81}],"ix":2},"r":{"a":1,"k":[{"o":{"x":0.167,"y":0.167},"i":{"x":0.833,"y":1.407},"s":[6.698],"t":21},{"o":{"x":0.167,"y":0.05},"i":{"x":0.833,"y":0.959},"s":[1.092],"t":41},{"o":{"x":0.167,"y":-0.062},"i":{"x":0.833,"y":1.018},"s":[28.592],"t":53},{"o":{"x":0.167,"y":0.015},"i":{"x":0.833,"y":0.969},"s":[13.515],"t":63},{"o":{"x":0.167,"y":-0.031},"i":{"x":0.833,"y":0.833},"s":[31.912],"t":73},{"s":[19.247],"t":80}],"ix":10},"sa":{"a":0,"k":0},"o":{"a":0,"k":100,"ix":11}},"ef":[],"shapes":[{"ty":"gr","bm":0,"hd":false,"mn":"ADBE Vector Group","nm":"Group 1","ix":1,"cix":2,"np":2,"it":[{"ty":"sh","bm":0,"hd":false,"mn":"ADBE Vector Shape - Group","nm":"Path 1","ix":1,"d":1,"ks":{"a":0,"k":{"c":true,"i":[[0,0],[0,0],[0,0],[0,-0.391],[0,0],[0,0],[0,0],[5.166,-2.687],[-2.456,-4.723],[-7.176,3.731],[0.028,4.393],[0,0],[-0.338,0.068],[0,0],[0,-0.458],[0,0],[5.166,-2.686],[-2.455,-4.723],[-7.176,3.732],[0.383,4.41],[0,0],[0,0],[0.508,-0.098]],"o":[[0,0],[0,0],[-0.384,0.078],[0,0],[0,0],[0,0],[-3.588,-1.785],[-7.177,3.732],[2.455,4.722],[5.99,-3.115],[0,0],[0,-0.345],[0,0],[0.449,-0.091],[0,0],[-3.588,-1.785],[-7.177,3.732],[2.456,4.723],[5.99,-3.115],[0,0],[0,0],[0,-0.517],[0,0]],"v":[[35.351,-47.063],[35.351,-47.012],[-13.736,-37.012],[-14.396,-36.204],[-14.396,-29.748],[-14.396,-23.197],[-14.396,25.665],[-28.634,26.892],[-37.181,42.199],[-19.741,43.994],[-9.847,31.184],[-9.847,-23.527],[-9.266,-24.238],[34.482,-33.116],[35.351,-32.405],[35.351,13.228],[21.113,14.454],[12.565,29.762],[30.006,31.558],[39.254,18.746],[39.289,18.746],[39.289,-46.819],[38.31,-47.627]]},"ix":2}},{"ty":"fl","bm":0,"hd":false,"mn":"ADBE Vector Graphic - Fill","nm":"Fill 1","c":{"a":0,"k":[0.1686,0.1961,0.698],"ix":4},"r":1,"o":{"a":0,"k":100,"ix":5}},{"ty":"tr","a":{"a":0,"k":[0,0],"ix":1},"s":{"a":0,"k":[100,100],"ix":3},"sk":{"a":0,"k":0,"ix":4},"p":{"a":0,"k":[39.887,47.976],"ix":2},"r":{"a":0,"k":0,"ix":6},"sa":{"a":0,"k":0,"ix":5},"o":{"a":0,"k":100,"ix":7}}]}],"ind":17},{"ty":4,"nm":"Layer 59 Outlines 2","sr":1,"st":18,"op":78,"ip":18,"hd":false,"ddd":0,"bm":0,"hasMask":false,"ao":0,"ks":{"a":{"a":0,"k":[39.887,42.751,0],"ix":1},"s":{"a":1,"k":[{"o":{"x":0.167,"y":0.167},"i":{"x":0.833,"y":0.833},"s":[0,0,100],"t":18},{"o":{"x":0.167,"y":0.167},"i":{"x":0.833,"y":0.833},"s":[200,200,100],"t":48},{"s":[0,0,100],"t":78}],"ix":6},"sk":{"a":0,"k":0},"p":{"a":1,"k":[{"o":{"x":0.56,"y":0},"i":{"x":0.833,"y":0.833},"s":[17.376,1057.454,0],"t":18,"ti":[-75.376,208.546,0],"to":[60.624,-289.454,0]},{"s":[1056.376,28.454,0],"t":78}],"ix":2},"r":{"a":1,"k":[{"o":{"x":0.167,"y":0.167},"i":{"x":0.833,"y":1.015},"s":[16.016],"t":18},{"o":{"x":0.167,"y":0.024},"i":{"x":0.833,"y":0.946},"s":[-1.45],"t":34},{"o":{"x":0.167,"y":-0.01},"i":{"x":0.833,"y":0.831},"s":[20.788],"t":68},{"o":{"x":0.167,"y":0.165},"i":{"x":0.833,"y":0.833},"s":[6.569],"t":72},{"s":[-11.583],"t":77}],"ix":10},"sa":{"a":0,"k":0},"o":{"a":0,"k":100,"ix":11}},"ef":[],"shapes":[{"ty":"gr","bm":0,"hd":false,"mn":"ADBE Vector Group","nm":"Group 1","ix":1,"cix":2,"np":2,"it":[{"ty":"sh","bm":0,"hd":false,"mn":"ADBE Vector Shape - Group","nm":"Path 1","ix":1,"d":1,"ks":{"a":0,"k":{"c":true,"i":[[0,0],[0,0],[0,0],[0,0],[0,0],[5.167,-2.687],[-2.456,-4.724],[-7.176,3.731],[0.028,4.394],[0,0],[0,0],[0,0],[5.166,-2.686],[-2.455,-4.722],[-7.176,3.732],[0.383,4.41],[0,0]],"o":[[0,0],[0,0],[0,0],[0,0],[-3.588,-1.784],[-7.177,3.731],[2.455,4.722],[5.99,-3.115],[0,0],[0,0],[0,0],[-3.588,-1.785],[-7.177,3.732],[2.456,4.723],[5.99,-3.115],[0,0],[0,0]],"v":[[39.289,-42.501],[-14.396,-42.501],[-14.396,-34.216],[-14.396,-32.546],[-14.396,20.439],[-28.634,21.667],[-37.181,36.975],[-19.741,38.77],[-9.847,25.957],[-9.847,-30.934],[35.351,-30.934],[35.351,20.311],[21.113,21.537],[12.565,36.845],[30.006,38.639],[39.254,25.829],[39.289,25.829]]},"ix":2}},{"ty":"fl","bm":0,"hd":false,"mn":"ADBE Vector Graphic - Fill","nm":"Fill 1","c":{"a":0,"k":[0.1686,0.1961,0.698],"ix":4},"r":1,"o":{"a":0,"k":100,"ix":5}},{"ty":"tr","a":{"a":0,"k":[0,0],"ix":1},"s":{"a":0,"k":[100,100],"ix":3},"sk":{"a":0,"k":0,"ix":4},"p":{"a":0,"k":[39.887,42.751],"ix":2},"r":{"a":0,"k":0,"ix":6},"sa":{"a":0,"k":0,"ix":5},"o":{"a":0,"k":100,"ix":7}}]}],"ind":18},{"ty":4,"nm":"Layer 56 Outlines 2","sr":1,"st":15,"op":75,"ip":15,"hd":false,"ddd":0,"bm":0,"hasMask":false,"ao":0,"ks":{"a":{"a":0,"k":[32.039,42.959,0],"ix":1},"s":{"a":1,"k":[{"o":{"x":0.167,"y":0.167},"i":{"x":0.833,"y":0.833},"s":[0,0,100],"t":15},{"o":{"x":0.167,"y":0.167},"i":{"x":0.833,"y":0.833},"s":[200,200,100],"t":45},{"s":[0,0,100],"t":75}],"ix":6},"sk":{"a":0,"k":0},"p":{"a":1,"k":[{"o":{"x":0.56,"y":0},"i":{"x":0.833,"y":0.833},"s":[17.376,1057.454,0],"t":15,"ti":[-48.376,437.546,0],"to":[514.624,-117.454,0]},{"s":[1056.376,28.454,0],"t":75}],"ix":2},"r":{"a":1,"k":[{"o":{"x":0.167,"y":0.167},"i":{"x":0.833,"y":0.82},"s":[15.508],"t":15},{"o":{"x":0.167,"y":0.11},"i":{"x":0.833,"y":1.336},"s":[31.327],"t":49},{"o":{"x":0.167,"y":0.121},"i":{"x":0.833,"y":0.833},"s":[35.148],"t":54},{"s":[-7.146],"t":74}],"ix":10},"sa":{"a":0,"k":0},"o":{"a":0,"k":100,"ix":11}},"ef":[],"shapes":[{"ty":"gr","bm":0,"hd":false,"mn":"ADBE Vector Group","nm":"Group 1","ix":1,"cix":2,"np":2,"it":[{"ty":"sh","bm":0,"hd":false,"mn":"ADBE Vector Shape - Group","nm":"Path 1","ix":1,"d":1,"ks":{"a":0,"k":{"c":true,"i":[[0,0],[1.013,2.929],[0.186,1.272],[0.036,0.574],[0.164,0.448],[0.838,-0.244],[-0.038,-0.545],[0.003,-0.839],[0.006,-1.689],[0.008,-2.21],[0.008,-2.546],[0.01,-2.698],[0.01,-2.667],[0.008,-2.45],[0.007,-2.051],[0.005,-1.467],[0.002,-0.7],[-0.006,-0.003],[5.166,-2.686],[-2.455,-4.723],[-7.176,3.732],[0.027,4.393],[0,0],[0,0],[0,0],[0,0],[0,0]],"o":[[-2.845,-1.391],[-0.421,-1.215],[-0.082,-0.569],[-0.03,-0.471],[-0.312,-0.852],[-0.651,0.189],[0.057,0.835],[-0.006,1.689],[-0.007,2.21],[-0.009,2.546],[-0.009,2.698],[-0.009,2.667],[-0.008,2.45],[-0.006,2.051],[-0.005,1.467],[-0.002,0.699],[0,0.007],[-3.587,-1.784],[-7.177,3.732],[2.456,4.723],[5.99,-3.114],[0,0],[8.76,-0.267],[8.174,14.397],[-0.878,2.72],[4.688,-2.826],[12.539,-20.952]],"v":[[4.054,-24.137],[-1.653,-31.14],[-2.55,-34.887],[-2.704,-39.882],[-2.856,-41.361],[-5.802,-42.464],[-6.419,-40.893],[-6.359,-35.115],[-6.377,-30.049],[-6.399,-23.419],[-6.425,-15.781],[-6.453,-7.687],[-6.48,0.315],[-6.505,7.667],[-6.526,13.82],[-6.541,18.221],[-6.548,20.32],[-6.549,20.419],[-20.786,21.644],[-29.334,36.953],[-13.495,38.977],[-3.6,26.165],[-3.6,-16.906],[13.281,-6.573],[8.197,22.169],[9.115,24.315],[19.25,12.571]]},"ix":2}},{"ty":"fl","bm":0,"hd":false,"mn":"ADBE Vector Graphic - Fill","nm":"Fill 1","c":{"a":0,"k":[0.1686,0.1961,0.698],"ix":4},"r":1,"o":{"a":0,"k":100,"ix":5}},{"ty":"tr","a":{"a":0,"k":[0,0],"ix":1},"s":{"a":0,"k":[100,100],"ix":3},"sk":{"a":0,"k":0,"ix":4},"p":{"a":0,"k":[32.039,42.959],"ix":2},"r":{"a":0,"k":0,"ix":6},"sa":{"a":0,"k":0,"ix":5},"o":{"a":0,"k":100,"ix":7}}]}],"ind":19},{"ty":4,"nm":"Layer 40 Outlines 2","sr":1,"st":12,"op":72,"ip":12,"hd":false,"ddd":0,"bm":0,"hasMask":false,"ao":1,"ks":{"a":{"a":0,"k":[31.309,39.761,0],"ix":1},"s":{"a":1,"k":[{"o":{"x":0.167,"y":0.167},"i":{"x":0.833,"y":0.833},"s":[0,0,100],"t":12},{"o":{"x":0.167,"y":0.167},"i":{"x":0.833,"y":0.833},"s":[200,200,100],"t":42},{"s":[0,0,100],"t":72}],"ix":6},"sk":{"a":0,"k":0},"p":{"a":1,"k":[{"o":{"x":0.56,"y":0},"i":{"x":0.833,"y":0.833},"s":[17.376,1057.454,0],"t":12,"ti":[-295.376,92.546,0],"to":[74.624,-363.454,0]},{"s":[1056.376,28.454,0],"t":72}],"ix":2},"r":{"a":1,"k":[{"o":{"x":0.167,"y":0.167},"i":{"x":0.833,"y":0.995},"s":[15.484],"t":12},{"o":{"x":0.167,"y":-0.022},"i":{"x":0.833,"y":0.711},"s":[4.44],"t":18},{"o":{"x":0.167,"y":0.075},"i":{"x":0.833,"y":1.07},"s":[13.928],"t":41},{"o":{"x":0.167,"y":0.064},"i":{"x":0.833,"y":0.896},"s":[26.606],"t":49},{"o":{"x":0.167,"y":-0.04},"i":{"x":0.833,"y":0.828},"s":[-2.597],"t":66},{"o":{"x":0.167,"y":0.163},"i":{"x":0.833,"y":0.833},"s":[6.275],"t":68},{"s":[20.295],"t":71}],"ix":10},"sa":{"a":0,"k":0},"o":{"a":0,"k":100,"ix":11}},"ef":[],"shapes":[{"ty":"gr","bm":0,"hd":false,"mn":"ADBE Vector Group","nm":"Group 1","ix":1,"cix":2,"np":2,"it":[{"ty":"sh","bm":0,"hd":false,"mn":"ADBE Vector Shape - Group","nm":"Path 1","ix":1,"d":1,"ks":{"a":0,"k":{"c":true,"i":[[0.298,2.953],[1.852,2.08],[4.466,-0.48],[5.662,6.479],[0.722,-0.21],[0,-0.57],[-0.002,-0.167],[0,-0.025],[0,0],[4.772,-2.481],[-2.268,-4.362],[-6.627,3.447],[0.025,4.057],[0,0],[-3.781,1.575],[-3.224,-0.166],[-1.317,-4.378],[-1.135,-0.507]],"o":[[-0.322,-3.188],[-3.352,-3.76],[-6.462,0.693],[-0.422,-0.661],[-0.6,0.175],[0,0.163],[-0.004,0.024],[0,0],[-3.315,-1.648],[-6.628,3.447],[2.269,4.362],[5.533,-2.877],[0,0],[5.059,0.934],[3.01,-1.253],[4.737,0.245],[0.437,1.452],[3.845,1.72]],"v":[[30.586,-26.568],[27.222,-34.714],[14.646,-39.031],[-4.638,-38.285],[-7.168,-38.913],[-7.737,-37.461],[-7.731,-36.961],[-7.745,-36.891],[-7.745,19.135],[-20.896,20.267],[-28.791,34.406],[-12.683,36.064],[-4.486,24.232],[-4.486,-25.145],[9.905,-28.06],[19.287,-31.48],[24.825,-21.6],[27.214,-18.315]]},"ix":2}},{"ty":"fl","bm":0,"hd":false,"mn":"ADBE Vector Graphic - Fill","nm":"Fill 1","c":{"a":0,"k":[0.1686,0.1961,0.698],"ix":4},"r":1,"o":{"a":0,"k":100,"ix":5}},{"ty":"tr","a":{"a":0,"k":[0,0],"ix":1},"s":{"a":0,"k":[100,100],"ix":3},"sk":{"a":0,"k":0,"ix":4},"p":{"a":0,"k":[31.309,39.761],"ix":2},"r":{"a":0,"k":0,"ix":6},"sa":{"a":0,"k":0,"ix":5},"o":{"a":0,"k":100,"ix":7}}]}],"ind":20},{"ty":4,"nm":"Layer 60 Outlines","sr":1,"st":9,"op":69,"ip":9,"hd":false,"ddd":0,"bm":0,"hasMask":false,"ao":0,"ks":{"a":{"a":0,"k":[39.887,47.976,0],"ix":1},"s":{"a":1,"k":[{"o":{"x":0.167,"y":0.167},"i":{"x":0.833,"y":0.833},"s":[0,0,100],"t":9},{"o":{"x":0.167,"y":0.167},"i":{"x":0.833,"y":0.833},"s":[200,200,100],"t":39},{"s":[0,0,100],"t":69}],"ix":6},"sk":{"a":0,"k":0},"p":{"a":1,"k":[{"o":{"x":0.56,"y":0},"i":{"x":0.833,"y":0.833},"s":[17.376,1057.454,0],"t":9,"ti":[-295.376,92.546,0],"to":[74.624,-363.454,0]},{"s":[1056.376,28.454,0],"t":69}],"ix":2},"r":{"a":1,"k":[{"o":{"x":0.167,"y":0.167},"i":{"x":0.833,"y":0.845},"s":[23.4],"t":9},{"o":{"x":0.167,"y":0.332},"i":{"x":0.833,"y":1.469},"s":[-2.806],"t":29},{"o":{"x":0.167,"y":0.124},"i":{"x":0.833,"y":1.004},"s":[-4.641],"t":32},{"o":{"x":0.167,"y":0.004},"i":{"x":0.833,"y":0.986},"s":[22.981],"t":44},{"o":{"x":0.167,"y":-0.012},"i":{"x":0.833,"y":0.814},"s":[-6.124],"t":56},{"o":{"x":0.167,"y":0.126},"i":{"x":0.833,"y":0.833},"s":[18.815],"t":65},{"s":[31.071],"t":68}],"ix":10},"sa":{"a":0,"k":0},"o":{"a":0,"k":100,"ix":11}},"ef":[],"shapes":[{"ty":"gr","bm":0,"hd":false,"mn":"ADBE Vector Group","nm":"Group 1","ix":1,"cix":2,"np":2,"it":[{"ty":"sh","bm":0,"hd":false,"mn":"ADBE Vector Shape - Group","nm":"Path 1","ix":1,"d":1,"ks":{"a":0,"k":{"c":true,"i":[[0,0],[0,0],[0,0],[0,-0.391],[0,0],[0,0],[0,0],[5.166,-2.687],[-2.456,-4.723],[-7.176,3.731],[0.028,4.393],[0,0],[-0.338,0.068],[0,0],[0,-0.458],[0,0],[5.166,-2.686],[-2.455,-4.723],[-7.176,3.732],[0.383,4.41],[0,0],[0,0],[0.508,-0.098]],"o":[[0,0],[0,0],[-0.384,0.078],[0,0],[0,0],[0,0],[-3.588,-1.785],[-7.177,3.732],[2.455,4.722],[5.99,-3.115],[0,0],[0,-0.345],[0,0],[0.449,-0.091],[0,0],[-3.588,-1.785],[-7.177,3.732],[2.456,4.723],[5.99,-3.115],[0,0],[0,0],[0,-0.517],[0,0]],"v":[[35.351,-47.063],[35.351,-47.012],[-13.736,-37.012],[-14.396,-36.204],[-14.396,-29.748],[-14.396,-23.197],[-14.396,25.665],[-28.634,26.892],[-37.181,42.199],[-19.741,43.994],[-9.847,31.184],[-9.847,-23.527],[-9.266,-24.238],[34.482,-33.116],[35.351,-32.405],[35.351,13.228],[21.113,14.454],[12.565,29.762],[30.006,31.558],[39.254,18.746],[39.289,18.746],[39.289,-46.819],[38.31,-47.627]]},"ix":2}},{"ty":"fl","bm":0,"hd":false,"mn":"ADBE Vector Graphic - Fill","nm":"Fill 1","c":{"a":0,"k":[0.1686,0.1961,0.698],"ix":4},"r":1,"o":{"a":0,"k":100,"ix":5}},{"ty":"tr","a":{"a":0,"k":[0,0],"ix":1},"s":{"a":0,"k":[100,100],"ix":3},"sk":{"a":0,"k":0,"ix":4},"p":{"a":0,"k":[39.887,47.976],"ix":2},"r":{"a":0,"k":0,"ix":6},"sa":{"a":0,"k":0,"ix":5},"o":{"a":0,"k":100,"ix":7}}]}],"ind":21},{"ty":4,"nm":"Layer 59 Outlines","sr":1,"st":6,"op":66,"ip":6,"hd":false,"ddd":0,"bm":0,"hasMask":false,"ao":0,"ks":{"a":{"a":0,"k":[39.887,42.751,0],"ix":1},"s":{"a":1,"k":[{"o":{"x":0.167,"y":0.167},"i":{"x":0.833,"y":0.833},"s":[0,0,100],"t":6},{"o":{"x":0.167,"y":0.167},"i":{"x":0.833,"y":0.833},"s":[200,200,100],"t":36},{"s":[0,0,100],"t":66}],"ix":6},"sk":{"a":0,"k":0},"p":{"a":1,"k":[{"o":{"x":0.56,"y":0},"i":{"x":0.833,"y":0.833},"s":[17.376,1057.454,0],"t":6,"ti":[-48.376,437.546,0],"to":[514.624,-117.454,0]},{"s":[1056.376,28.454,0],"t":66}],"ix":2},"r":{"a":1,"k":[{"o":{"x":0.167,"y":0.167},"i":{"x":0.833,"y":0.815},"s":[23.475],"t":6},{"o":{"x":0.167,"y":0.156},"i":{"x":0.833,"y":1.043},"s":[9.442],"t":13},{"o":{"x":0.167,"y":0.041},"i":{"x":0.833,"y":0.96},"s":[-14.423],"t":23},{"o":{"x":0.167,"y":-0.052},"i":{"x":0.833,"y":1.004},"s":[25.441],"t":39},{"o":{"x":0.167,"y":0.004},"i":{"x":0.833,"y":0.833},"s":[2.414],"t":51},{"s":[26.576],"t":65}],"ix":10},"sa":{"a":0,"k":0},"o":{"a":0,"k":100,"ix":11}},"ef":[],"shapes":[{"ty":"gr","bm":0,"hd":false,"mn":"ADBE Vector Group","nm":"Group 1","ix":1,"cix":2,"np":2,"it":[{"ty":"sh","bm":0,"hd":false,"mn":"ADBE Vector Shape - Group","nm":"Path 1","ix":1,"d":1,"ks":{"a":0,"k":{"c":true,"i":[[0,0],[0,0],[0,0],[0,0],[0,0],[5.167,-2.687],[-2.456,-4.724],[-7.176,3.731],[0.028,4.394],[0,0],[0,0],[0,0],[5.166,-2.686],[-2.455,-4.722],[-7.176,3.732],[0.383,4.41],[0,0]],"o":[[0,0],[0,0],[0,0],[0,0],[-3.588,-1.784],[-7.177,3.731],[2.455,4.722],[5.99,-3.115],[0,0],[0,0],[0,0],[-3.588,-1.785],[-7.177,3.732],[2.456,4.723],[5.99,-3.115],[0,0],[0,0]],"v":[[39.289,-42.501],[-14.396,-42.501],[-14.396,-34.216],[-14.396,-32.546],[-14.396,20.439],[-28.634,21.667],[-37.181,36.975],[-19.741,38.77],[-9.847,25.957],[-9.847,-30.934],[35.351,-30.934],[35.351,20.311],[21.113,21.537],[12.565,36.845],[30.006,38.639],[39.254,25.829],[39.289,25.829]]},"ix":2}},{"ty":"fl","bm":0,"hd":false,"mn":"ADBE Vector Graphic - Fill","nm":"Fill 1","c":{"a":0,"k":[0.1686,0.1961,0.698],"ix":4},"r":1,"o":{"a":0,"k":100,"ix":5}},{"ty":"tr","a":{"a":0,"k":[0,0],"ix":1},"s":{"a":0,"k":[100,100],"ix":3},"sk":{"a":0,"k":0,"ix":4},"p":{"a":0,"k":[39.887,42.751],"ix":2},"r":{"a":0,"k":0,"ix":6},"sa":{"a":0,"k":0,"ix":5},"o":{"a":0,"k":100,"ix":7}}]}],"ind":22},{"ty":4,"nm":"Layer 56 Outlines","sr":1,"st":3,"op":63,"ip":3,"hd":false,"ddd":0,"bm":0,"hasMask":false,"ao":0,"ks":{"a":{"a":0,"k":[32.039,42.959,0],"ix":1},"s":{"a":1,"k":[{"o":{"x":0.167,"y":0.167},"i":{"x":0.833,"y":0.833},"s":[0,0,100],"t":3},{"o":{"x":0.167,"y":0.167},"i":{"x":0.833,"y":0.833},"s":[200,200,100],"t":33},{"s":[0,0,100],"t":63}],"ix":6},"sk":{"a":0,"k":0},"p":{"a":1,"k":[{"o":{"x":0.56,"y":0},"i":{"x":0.833,"y":0.833},"s":[17.376,1057.454,0],"t":3,"ti":[-75.376,208.546,0],"to":[60.624,-289.454,0]},{"s":[1056.376,28.454,0],"t":63}],"ix":2},"r":{"a":1,"k":[{"o":{"x":0.167,"y":0.167},"i":{"x":0.833,"y":1.022},"s":[11.203],"t":3},{"o":{"x":0.167,"y":0.074},"i":{"x":0.833,"y":0.916},"s":[-2.67],"t":7},{"o":{"x":0.167,"y":-0.086},"i":{"x":0.833,"y":0.944},"s":[25.479],"t":34},{"o":{"x":0.167,"y":-0.134},"i":{"x":0.833,"y":0.993},"s":[16.298],"t":43},{"o":{"x":0.167,"y":-0.01},"i":{"x":0.833,"y":0.833},"s":[19.693],"t":51},{"s":[16.63],"t":62}],"ix":10},"sa":{"a":0,"k":0},"o":{"a":0,"k":100,"ix":11}},"ef":[],"shapes":[{"ty":"gr","bm":0,"hd":false,"mn":"ADBE Vector Group","nm":"Group 1","ix":1,"cix":2,"np":2,"it":[{"ty":"sh","bm":0,"hd":false,"mn":"ADBE Vector Shape - Group","nm":"Path 1","ix":1,"d":1,"ks":{"a":0,"k":{"c":true,"i":[[0,0],[1.013,2.929],[0.186,1.272],[0.036,0.574],[0.164,0.448],[0.838,-0.244],[-0.038,-0.545],[0.003,-0.839],[0.006,-1.689],[0.008,-2.21],[0.008,-2.546],[0.01,-2.698],[0.01,-2.667],[0.008,-2.45],[0.007,-2.051],[0.005,-1.467],[0.002,-0.7],[-0.006,-0.003],[5.166,-2.686],[-2.455,-4.723],[-7.176,3.732],[0.027,4.393],[0,0],[0,0],[0,0],[0,0],[0,0]],"o":[[-2.845,-1.391],[-0.421,-1.215],[-0.082,-0.569],[-0.03,-0.471],[-0.312,-0.852],[-0.651,0.189],[0.057,0.835],[-0.006,1.689],[-0.007,2.21],[-0.009,2.546],[-0.009,2.698],[-0.009,2.667],[-0.008,2.45],[-0.006,2.051],[-0.005,1.467],[-0.002,0.699],[0,0.007],[-3.587,-1.784],[-7.177,3.732],[2.456,4.723],[5.99,-3.114],[0,0],[8.76,-0.267],[8.174,14.397],[-0.878,2.72],[4.688,-2.826],[12.539,-20.952]],"v":[[4.054,-24.137],[-1.653,-31.14],[-2.55,-34.887],[-2.704,-39.882],[-2.856,-41.361],[-5.802,-42.464],[-6.419,-40.893],[-6.359,-35.115],[-6.377,-30.049],[-6.399,-23.419],[-6.425,-15.781],[-6.453,-7.687],[-6.48,0.315],[-6.505,7.667],[-6.526,13.82],[-6.541,18.221],[-6.548,20.32],[-6.549,20.419],[-20.786,21.644],[-29.334,36.953],[-13.495,38.977],[-3.6,26.165],[-3.6,-16.906],[13.281,-6.573],[8.197,22.169],[9.115,24.315],[19.25,12.571]]},"ix":2}},{"ty":"fl","bm":0,"hd":false,"mn":"ADBE Vector Graphic - Fill","nm":"Fill 1","c":{"a":0,"k":[0.1686,0.1961,0.698],"ix":4},"r":1,"o":{"a":0,"k":100,"ix":5}},{"ty":"tr","a":{"a":0,"k":[0,0],"ix":1},"s":{"a":0,"k":[100,100],"ix":3},"sk":{"a":0,"k":0,"ix":4},"p":{"a":0,"k":[32.039,42.959],"ix":2},"r":{"a":0,"k":0,"ix":6},"sa":{"a":0,"k":0,"ix":5},"o":{"a":0,"k":100,"ix":7}}]}],"ind":23},{"ty":4,"nm":"Layer 40 Outlines","sr":1,"st":0,"op":60,"ip":0,"hd":false,"ddd":0,"bm":0,"hasMask":false,"ao":1,"ks":{"a":{"a":0,"k":[31.309,39.761,0],"ix":1},"s":{"a":1,"k":[{"o":{"x":0.167,"y":0.167},"i":{"x":0.833,"y":0.833},"s":[0,0,100],"t":0},{"o":{"x":0.167,"y":0.167},"i":{"x":0.833,"y":0.833},"s":[200,200,100],"t":30},{"s":[0,0,100],"t":60}],"ix":6},"sk":{"a":0,"k":0},"p":{"a":1,"k":[{"o":{"x":0.56,"y":0},"i":{"x":0.833,"y":0.833},"s":[17.376,1057.454,0],"t":0,"ti":[-295.376,92.546,0],"to":[596.624,-191.454,0]},{"s":[1056.376,28.454,0],"t":60}],"ix":2},"r":{"a":1,"k":[{"o":{"x":0.167,"y":0.167},"i":{"x":0.833,"y":0.94},"s":[-0.347],"t":0},{"o":{"x":0.167,"y":0.373},"i":{"x":0.833,"y":0.773},"s":[14.759],"t":9},{"o":{"x":0.167,"y":0.057},"i":{"x":0.833,"y":1.146},"s":[22.574],"t":38},{"o":{"x":0.167,"y":0.111},"i":{"x":0.833,"y":0.833},"s":[26.891],"t":42},{"s":[2.664],"t":59}],"ix":10},"sa":{"a":0,"k":0},"o":{"a":0,"k":100,"ix":11}},"ef":[],"shapes":[{"ty":"gr","bm":0,"hd":false,"mn":"ADBE Vector Group","nm":"Group 1","ix":1,"cix":2,"np":2,"it":[{"ty":"sh","bm":0,"hd":false,"mn":"ADBE Vector Shape - Group","nm":"Path 1","ix":1,"d":1,"ks":{"a":0,"k":{"c":true,"i":[[0.298,2.953],[1.852,2.08],[4.466,-0.48],[5.662,6.479],[0.722,-0.21],[0,-0.57],[-0.002,-0.167],[0,-0.025],[0,0],[4.772,-2.481],[-2.268,-4.362],[-6.627,3.447],[0.025,4.057],[0,0],[-3.781,1.575],[-3.224,-0.166],[-1.317,-4.378],[-1.135,-0.507]],"o":[[-0.322,-3.188],[-3.352,-3.76],[-6.462,0.693],[-0.422,-0.661],[-0.6,0.175],[0,0.163],[-0.004,0.024],[0,0],[-3.315,-1.648],[-6.628,3.447],[2.269,4.362],[5.533,-2.877],[0,0],[5.059,0.934],[3.01,-1.253],[4.737,0.245],[0.437,1.452],[3.845,1.72]],"v":[[30.586,-26.568],[27.222,-34.714],[14.646,-39.031],[-4.638,-38.285],[-7.168,-38.913],[-7.737,-37.461],[-7.731,-36.961],[-7.745,-36.891],[-7.745,19.135],[-20.896,20.267],[-28.791,34.406],[-12.683,36.064],[-4.486,24.232],[-4.486,-25.145],[9.905,-28.06],[19.287,-31.48],[24.825,-21.6],[27.214,-18.315]]},"ix":2}},{"ty":"fl","bm":0,"hd":false,"mn":"ADBE Vector Graphic - Fill","nm":"Fill 1","c":{"a":0,"k":[0.1686,0.1961,0.698],"ix":4},"r":1,"o":{"a":0,"k":100,"ix":5}},{"ty":"tr","a":{"a":0,"k":[0,0],"ix":1},"s":{"a":0,"k":[100,100],"ix":3},"sk":{"a":0,"k":0,"ix":4},"p":{"a":0,"k":[31.309,39.761],"ix":2},"r":{"a":0,"k":0,"ix":6},"sa":{"a":0,"k":0,"ix":5},"o":{"a":0,"k":100,"ix":7}}]}],"ind":24}],"v":"5.5.7","fr":30,"op":109,"ip":0,"assets":[]}