{"nm":"コンポ 1","ddd":0,"h":600,"w":600,"meta":{"g":"@lottiefiles/toolkit-js 0.26.1"},"layers":[{"ty":4,"nm":"シェイプレイヤー 5","sr":1,"st":0,"op":150.000006109625,"ip":0,"hd":false,"ddd":0,"bm":0,"hasMask":false,"ao":0,"ks":{"a":{"a":0,"k":[0,0,0],"ix":1},"s":{"a":0,"k":[100,100,100],"ix":6},"sk":{"a":0,"k":0},"p":{"a":0,"k":[300,300,0],"ix":2},"r":{"a":0,"k":0,"ix":10},"sa":{"a":0,"k":0},"o":{"a":0,"k":100,"ix":11}},"ef":[],"shapes":[{"ty":"gr","bm":0,"hd":false,"mn":"ADBE Vector Group","nm":"シェイプ 1","ix":1,"cix":2,"np":4,"it":[{"ty":"sh","bm":0,"hd":false,"mn":"ADBE Vector Shape - Group","nm":"パス 1","ix":1,"d":1,"ks":{"a":0,"k":{"c":false,"i":[[0,0],[0,0]],"o":[[0,0],[0,0]],"v":[[226,-236],[226,242]]},"ix":2}},{"ty":"tm","bm":0,"hd":false,"mn":"ADBE Vector Filter - Trim","nm":"パスのトリミング 1","ix":2,"e":{"a":1,"k":[{"o":{"x":0.48,"y":0.04},"i":{"x":0.52,"y":0.96},"s":[80],"t":0},{"o":{"x":0.48,"y":0.04},"i":{"x":0.52,"y":0.96},"s":[70],"t":5},{"o":{"x":0.48,"y":0.04},"i":{"x":0.52,"y":0.96},"s":[90],"t":11},{"o":{"x":0.48,"y":0.04},"i":{"x":0.52,"y":0.96},"s":[60],"t":17},{"o":{"x":0.48,"y":0.04},"i":{"x":0.52,"y":0.96},"s":[85],"t":25},{"s":[80],"t":30.0000012219251}],"ix":2},"o":{"a":0,"k":0,"ix":3},"s":{"a":1,"k":[{"o":{"x":0.48,"y":0.04},"i":{"x":0.52,"y":0.96},"s":[20],"t":0},{"o":{"x":0.48,"y":0.04},"i":{"x":0.52,"y":0.96},"s":[30],"t":5},{"o":{"x":0.48,"y":0.04},"i":{"x":0.52,"y":0.96},"s":[10],"t":11},{"o":{"x":0.48,"y":0.04},"i":{"x":0.52,"y":0.96},"s":[40],"t":17},{"o":{"x":0.48,"y":0.04},"i":{"x":0.52,"y":0.96},"s":[15],"t":25},{"s":[20],"t":30.0000012219251}],"ix":1},"m":2},{"ty":"st","bm":0,"hd":false,"mn":"ADBE Vector Graphic - Stroke","nm":"線 1","lc":2,"lj":2,"ml":1,"o":{"a":0,"k":100,"ix":4},"w":{"a":0,"k":40,"ix":5},"c":{"a":0,"k":[0.0784,0.5333,0.8],"ix":3}},{"ty":"fl","bm":0,"hd":true,"mn":"ADBE Vector Graphic - Fill","nm":"塗り 1","c":{"a":0,"k":[1,0,0],"ix":4},"r":1,"o":{"a":0,"k":100,"ix":5}},{"ty":"tr","a":{"a":0,"k":[0,0],"ix":1},"s":{"a":0,"k":[100,100],"ix":3},"sk":{"a":0,"k":0,"ix":4},"p":{"a":0,"k":[0,0],"ix":2},"r":{"a":0,"k":0,"ix":6},"sa":{"a":0,"k":0,"ix":5},"o":{"a":0,"k":100,"ix":7}}]}],"ind":1},{"ty":4,"nm":"シェイプレイヤー 4","sr":1,"st":0,"op":150.000006109625,"ip":0,"hd":false,"ddd":0,"bm":0,"hasMask":false,"ao":0,"ks":{"a":{"a":0,"k":[0,0,0],"ix":1},"s":{"a":0,"k":[100,100,100],"ix":6},"sk":{"a":0,"k":0},"p":{"a":0,"k":[300,300,0],"ix":2},"r":{"a":0,"k":0,"ix":10},"sa":{"a":0,"k":0},"o":{"a":0,"k":100,"ix":11}},"ef":[],"shapes":[{"ty":"gr","bm":0,"hd":false,"mn":"ADBE Vector Group","nm":"シェイプ 1","ix":1,"cix":2,"np":4,"it":[{"ty":"sh","bm":0,"hd":false,"mn":"ADBE Vector Shape - Group","nm":"パス 1","ix":1,"d":1,"ks":{"a":0,"k":{"c":false,"i":[[0,0],[0,0]],"o":[[0,0],[0,0]],"v":[[114,-236],[114,242]]},"ix":2}},{"ty":"tm","bm":0,"hd":false,"mn":"ADBE Vector Filter - Trim","nm":"パスのトリミング 1","ix":2,"e":{"a":1,"k":[{"o":{"x":0.42,"y":0},"i":{"x":0.58,"y":1},"s":[60],"t":0},{"o":{"x":0.42,"y":0},"i":{"x":0.58,"y":1},"s":[80],"t":7},{"o":{"x":0.42,"y":0},"i":{"x":0.58,"y":1},"s":[60],"t":14},{"o":{"x":0.42,"y":0},"i":{"x":0.58,"y":1},"s":[100],"t":22},{"s":[60],"t":30.0000012219251}],"ix":2},"o":{"a":0,"k":0,"ix":3},"s":{"a":1,"k":[{"o":{"x":0.42,"y":0},"i":{"x":0.58,"y":1},"s":[40],"t":0},{"o":{"x":0.42,"y":0},"i":{"x":0.58,"y":1},"s":[20],"t":7},{"o":{"x":0.42,"y":0},"i":{"x":0.58,"y":1},"s":[40],"t":14},{"o":{"x":0.42,"y":0},"i":{"x":0.58,"y":1},"s":[0],"t":22},{"s":[40],"t":30.0000012219251}],"ix":1},"m":2},{"ty":"st","bm":0,"hd":false,"mn":"ADBE Vector Graphic - Stroke","nm":"線 1","lc":2,"lj":2,"ml":1,"o":{"a":0,"k":100,"ix":4},"w":{"a":0,"k":40,"ix":5},"c":{"a":0,"k":[0.1686,0.1961,0.698],"ix":3}},{"ty":"fl","bm":0,"hd":true,"mn":"ADBE Vector Graphic - Fill","nm":"塗り 1","c":{"a":0,"k":[1,0,0],"ix":4},"r":1,"o":{"a":0,"k":100,"ix":5}},{"ty":"tr","a":{"a":0,"k":[0,0],"ix":1},"s":{"a":0,"k":[100,100],"ix":3},"sk":{"a":0,"k":0,"ix":4},"p":{"a":0,"k":[0,0],"ix":2},"r":{"a":0,"k":0,"ix":6},"sa":{"a":0,"k":0,"ix":5},"o":{"a":0,"k":100,"ix":7}}]}],"ind":2},{"ty":4,"nm":"シェイプレイヤー 3","sr":1,"st":0,"op":150.000006109625,"ip":0,"hd":false,"ddd":0,"bm":0,"hasMask":false,"ao":0,"ks":{"a":{"a":0,"k":[0,0,0],"ix":1},"s":{"a":0,"k":[100,100,100],"ix":6},"sk":{"a":0,"k":0},"p":{"a":0,"k":[300,300,0],"ix":2},"r":{"a":0,"k":0,"ix":10},"sa":{"a":0,"k":0},"o":{"a":0,"k":100,"ix":11}},"ef":[],"shapes":[{"ty":"gr","bm":0,"hd":false,"mn":"ADBE Vector Group","nm":"シェイプ 1","ix":1,"cix":2,"np":4,"it":[{"ty":"sh","bm":0,"hd":false,"mn":"ADBE Vector Shape - Group","nm":"パス 1","ix":1,"d":1,"ks":{"a":0,"k":{"c":false,"i":[[0,0],[0,0]],"o":[[0,0],[0,0]],"v":[[-2,-236],[-2,242]]},"ix":2}},{"ty":"tm","bm":0,"hd":false,"mn":"ADBE Vector Filter - Trim","nm":"パスのトリミング 1","ix":2,"e":{"a":1,"k":[{"o":{"x":0.84,"y":0},"i":{"x":0.16,"y":1},"s":[90],"t":0},{"o":{"x":0.84,"y":0},"i":{"x":0.16,"y":1},"s":[65],"t":8},{"o":{"x":0.84,"y":0},"i":{"x":0.16,"y":1},"s":[75],"t":15},{"o":{"x":0.84,"y":0},"i":{"x":0.16,"y":1},"s":[60],"t":21},{"s":[90],"t":30.0000012219251}],"ix":2},"o":{"a":0,"k":0,"ix":3},"s":{"a":1,"k":[{"o":{"x":0.84,"y":0},"i":{"x":0.16,"y":1},"s":[10],"t":0},{"o":{"x":0.84,"y":0},"i":{"x":0.16,"y":1},"s":[35],"t":8},{"o":{"x":0.84,"y":0},"i":{"x":0.16,"y":1},"s":[25],"t":15},{"o":{"x":0.84,"y":0},"i":{"x":0.16,"y":1},"s":[40],"t":21},{"s":[10],"t":30.0000012219251}],"ix":1},"m":2},{"ty":"st","bm":0,"hd":false,"mn":"ADBE Vector Graphic - Stroke","nm":"線 1","lc":2,"lj":2,"ml":1,"o":{"a":0,"k":100,"ix":4},"w":{"a":0,"k":40,"ix":5},"c":{"a":0,"k":[0.0784,0.5333,0.8],"ix":3}},{"ty":"fl","bm":0,"hd":true,"mn":"ADBE Vector Graphic - Fill","nm":"塗り 1","c":{"a":0,"k":[1,0,0],"ix":4},"r":1,"o":{"a":0,"k":100,"ix":5}},{"ty":"tr","a":{"a":0,"k":[0,0],"ix":1},"s":{"a":0,"k":[100,100],"ix":3},"sk":{"a":0,"k":0,"ix":4},"p":{"a":0,"k":[0,0],"ix":2},"r":{"a":0,"k":0,"ix":6},"sa":{"a":0,"k":0,"ix":5},"o":{"a":0,"k":100,"ix":7}}]}],"ind":3},{"ty":4,"nm":"シェイプレイヤー 2","sr":1,"st":0,"op":150.000006109625,"ip":0,"hd":false,"ddd":0,"bm":0,"hasMask":false,"ao":0,"ks":{"a":{"a":0,"k":[0,0,0],"ix":1},"s":{"a":0,"k":[100,100,100],"ix":6},"sk":{"a":0,"k":0},"p":{"a":0,"k":[300,300,0],"ix":2},"r":{"a":0,"k":0,"ix":10},"sa":{"a":0,"k":0},"o":{"a":0,"k":100,"ix":11}},"ef":[],"shapes":[{"ty":"gr","bm":0,"hd":false,"mn":"ADBE Vector Group","nm":"シェイプ 1","ix":1,"cix":2,"np":5,"it":[{"ty":"sh","bm":0,"hd":false,"mn":"ADBE Vector Shape - Group","nm":"パス 1","ix":1,"d":1,"ks":{"a":0,"k":{"c":false,"i":[[0,0],[0,0]],"o":[[0,0],[0,0]],"v":[[-114,-236],[-114,242]]},"ix":2}},{"ty":"tm","bm":0,"hd":false,"mn":"ADBE Vector Filter - Trim","nm":"パスのトリミング 1","ix":2,"e":{"a":1,"k":[{"o":{"x":0.4,"y":0.8},"i":{"x":0.74,"y":1},"s":[60],"t":0},{"o":{"x":0.4,"y":0.8},"i":{"x":0.74,"y":1},"s":[85],"t":8},{"o":{"x":0.4,"y":0.8},"i":{"x":0.74,"y":1},"s":[70],"t":15},{"o":{"x":0.4,"y":0.8},"i":{"x":0.74,"y":1},"s":[90],"t":22},{"s":[60],"t":30.0000012219251}],"ix":2},"o":{"a":0,"k":0,"ix":3},"s":{"a":1,"k":[{"o":{"x":0.4,"y":0.8},"i":{"x":0.74,"y":1},"s":[40],"t":0},{"o":{"x":0.4,"y":0.8},"i":{"x":0.74,"y":1},"s":[15],"t":8},{"o":{"x":0.4,"y":0.8},"i":{"x":0.74,"y":1},"s":[30],"t":15},{"o":{"x":0.4,"y":0.8},"i":{"x":0.74,"y":1},"s":[10],"t":22},{"s":[40],"t":30.0000012219251}],"ix":1},"m":2},{"ty":"st","bm":0,"hd":false,"mn":"ADBE Vector Graphic - Stroke","nm":"線 1","lc":2,"lj":2,"ml":1,"o":{"a":0,"k":100,"ix":4},"w":{"a":0,"k":40,"ix":5},"c":{"a":0,"k":[0.1686,0.1961,0.698],"ix":3}},{"ty":"fl","bm":0,"hd":true,"mn":"ADBE Vector Graphic - Fill","nm":"塗り 1","c":{"a":0,"k":[1,0,0],"ix":4},"r":1,"o":{"a":0,"k":100,"ix":5}},{"ty":"sh","bm":0,"hd":false,"mn":"ADBE Vector Shape - Group","nm":"パス 2","ix":5,"d":1,"ks":{"a":0,"k":{"c":false,"i":[[0,0],[0,0]],"o":[[0,0],[0,0]],"v":[[114,-236],[114,242]]},"ix":2}},{"ty":"tr","a":{"a":0,"k":[0,0],"ix":1},"s":{"a":0,"k":[100,100],"ix":3},"sk":{"a":0,"k":0,"ix":4},"p":{"a":0,"k":[0,0],"ix":2},"r":{"a":0,"k":0,"ix":6},"sa":{"a":0,"k":0,"ix":5},"o":{"a":0,"k":100,"ix":7}}]}],"ind":4},{"ty":4,"nm":"シェイプレイヤー 1","sr":1,"st":0,"op":150.000006109625,"ip":0,"hd":false,"ddd":0,"bm":0,"hasMask":false,"ao":0,"ks":{"a":{"a":0,"k":[0,0,0],"ix":1},"s":{"a":0,"k":[100,100,100],"ix":6},"sk":{"a":0,"k":0},"p":{"a":0,"k":[300,300,0],"ix":2},"r":{"a":0,"k":0,"ix":10},"sa":{"a":0,"k":0},"o":{"a":0,"k":100,"ix":11}},"ef":[],"shapes":[{"ty":"gr","bm":0,"hd":false,"mn":"ADBE Vector Group","nm":"シェイプ 1","ix":1,"cix":2,"np":5,"it":[{"ty":"sh","bm":0,"hd":false,"mn":"ADBE Vector Shape - Group","nm":"パス 1","ix":1,"d":1,"ks":{"a":0,"k":{"c":false,"i":[[0,0],[0,0]],"o":[[0,0],[0,0]],"v":[[-226,-236],[-226,242]]},"ix":2}},{"ty":"tm","bm":0,"hd":false,"mn":"ADBE Vector Filter - Trim","nm":"パスのトリミング 1","ix":2,"e":{"a":1,"k":[{"o":{"x":0.4,"y":0.8},"i":{"x":0.74,"y":1},"s":[80],"t":0},{"o":{"x":0.4,"y":0.8},"i":{"x":0.74,"y":1},"s":[60],"t":8},{"o":{"x":0.4,"y":0.8},"i":{"x":0.74,"y":1},"s":[90],"t":15},{"o":{"x":0.4,"y":0.8},"i":{"x":0.74,"y":1},"s":[65],"t":22},{"s":[80],"t":30.0000012219251}],"ix":2},"o":{"a":0,"k":0,"ix":3},"s":{"a":1,"k":[{"o":{"x":0.4,"y":0.8},"i":{"x":0.74,"y":1},"s":[20],"t":0},{"o":{"x":0.4,"y":0.8},"i":{"x":0.74,"y":1},"s":[40],"t":8},{"o":{"x":0.4,"y":0.8},"i":{"x":0.74,"y":1},"s":[10],"t":15},{"o":{"x":0.4,"y":0.8},"i":{"x":0.74,"y":1},"s":[35],"t":22},{"s":[20],"t":30.0000012219251}],"ix":1},"m":2},{"ty":"st","bm":0,"hd":false,"mn":"ADBE Vector Graphic - Stroke","nm":"線 1","lc":2,"lj":2,"ml":1,"o":{"a":0,"k":100,"ix":4},"w":{"a":0,"k":40,"ix":5},"c":{"a":0,"k":[0.0784,0.5333,0.8],"ix":3}},{"ty":"fl","bm":0,"hd":true,"mn":"ADBE Vector Graphic - Fill","nm":"塗り 1","c":{"a":0,"k":[1,0,0],"ix":4},"r":1,"o":{"a":0,"k":100,"ix":5}},{"ty":"sh","bm":0,"hd":false,"mn":"ADBE Vector Shape - Group","nm":"パス 2","ix":5,"d":1,"ks":{"a":0,"k":{"c":false,"i":[[0,0],[0,0]],"o":[[0,0],[0,0]],"v":[[226,-236],[226,242]]},"ix":2}},{"ty":"tr","a":{"a":0,"k":[0,0],"ix":1},"s":{"a":0,"k":[100,100],"ix":3},"sk":{"a":0,"k":0,"ix":4},"p":{"a":0,"k":[0,0],"ix":2},"r":{"a":0,"k":0,"ix":6},"sa":{"a":0,"k":0,"ix":5},"o":{"a":0,"k":100,"ix":7}}]}],"ind":5}],"v":"5.2.1","fr":29.9700012207031,"op":30.0000012219251,"ip":0,"assets":[]}